[{"name":"1694503670181_3.png","type":"image","subType":"cusicon","contentType":"image/png","targetFile":"cb160967af7b4bacac13ce4b794d9560.png","urlFromTemplate":"https://lcpapp-static.nos-eastchina1.126.net/user/neteasepmo/1754479857656_7f3cec5163b44fef839da6961a2778ee.png"},{"name":"1694503810403_banner2.png","type":"image","subType":"cusicon","contentType":"image/png","targetFile":"a98a5a1c4a954c03b53a80fbb168e0fe.png","urlFromTemplate":"https://lcpapp-static.nos-eastchina1.126.net/user/neteasepmo/1754479857657_957e7273285745e390e4e04f18b4f11b.png"},{"name":"1694501169035_%E5%85%A5%E9%80%89.png","type":"image","subType":"cusicon","contentType":"image/png","targetFile":"30390522217e4ceea62b2cac2a3452e9.png","urlFromTemplate":"https://lcpapp-static.nos-eastchina1.126.net/user/neteasepmo/1754479857656_57c554d839384ae18365c819284ed53b.png"},{"name":"1695350221696_%E5%A4%B4%E5%83%8F.png","type":"image","subType":"cusicon","contentType":"image/png","targetFile":"6bb48b7e89ed49e285b310c57620a6e1.png","urlFromTemplate":"https://lcpapp-static.nos-eastchina1.126.net/user/neteasepmo/1754479857656_4bf90a7d74624e0f8eb8dac017d64906.png"},{"name":"1694500506379_banner.png","type":"image","subType":"cusicon","contentType":"image/png","targetFile":"1ec839cce4ed433fad9049f2c2bd62d1.png","urlFromTemplate":"https://lcpapp-static.nos-eastchina1.126.net/user/neteasepmo/1754479857656_214c7a3c243f4fd48e424a994f78d4d4.png"},{"name":"1694503583439_1.png","type":"image","subType":"cusicon","contentType":"image/png","targetFile":"68db010c1a2a4367afc05245bf567408.png","urlFromTemplate":"https://lcpapp-static.nos-eastchina1.126.net/user/neteasepmo/1754479857656_fc99965eebe64517884ce6170bf17c37.png"},{"name":"1694503660433_2.png","type":"image","subType":"cusicon","contentType":"image/png","targetFile":"6619558e0a0e40e2bbe2d90d80cde86c.png","urlFromTemplate":"https://lcpapp-static.nos-eastchina1.126.net/user/neteasepmo/1754479857656_39c911333706479b8617c3496615977c.png"}]