[{"name":"1694501169035_%E5%85%A5%E9%80%89.png","type":"image","subType":"cusicon","contentType":"image/png","targetFile":"7cbe71ffbd62400fa264429c5fa7cb7c.png","urlFromTemplate":"https://lcpapp-static.nos-eastchina1.126.net/user/cwasset/1755068704144_9d179bfd57344f8bbed9a5a62d27146b.png"},{"name":"1694503583439_1.png","type":"image","subType":"cusicon","contentType":"image/png","targetFile":"f2f6242d55f04b6289edbf245f5b28bc.png","urlFromTemplate":"https://lcpapp-static.nos-eastchina1.126.net/user/cwasset/1755068704144_e5b39fbe72ee4f1bb6b4a2cb1c1303bd.png"},{"name":"1694503660433_2.png","type":"image","subType":"cusicon","contentType":"image/png","targetFile":"97bdc08d44684df295f6f8bbb354680e.png","urlFromTemplate":"https://lcpapp-static.nos-eastchina1.126.net/user/cwasset/1755068704144_7e53e6082bf64e5fa4c7f86854682363.png"},{"name":"1694503810403_banner2.png","type":"image","subType":"cusicon","contentType":"image/png","targetFile":"ec3dc24830c0413a934fc43e48bd954a.png","urlFromTemplate":"https://lcpapp-static.nos-eastchina1.126.net/user/cwasset/1755068704144_fb666813ee594dd39bd547be2534a327.png"},{"name":"1694500506379_banner.png","type":"image","subType":"cusicon","contentType":"image/png","targetFile":"6d820d522cf241b687691cc09becc5fb.png","urlFromTemplate":"https://lcpapp-static.nos-eastchina1.126.net/user/cwasset/1755068704144_44db365e38cc4a09bb0fc35180f611f4.png"},{"name":"1695350221696_%E5%A4%B4%E5%83%8F.png","type":"image","subType":"cusicon","contentType":"image/png","targetFile":"e375203719b9423aa3fbba0870601906.png","urlFromTemplate":"https://lcpapp-static.nos-eastchina1.126.net/user/cwasset/1755068704144_9044fa4dde114447a3fc47566529a422.png"},{"name":"1694503670181_3.png","type":"image","subType":"cusicon","contentType":"image/png","targetFile":"e5a9733845574fbfb347c804382d3ab4.png","urlFromTemplate":"https://lcpapp-static.nos-eastchina1.126.net/user/cwasset/1755068704144_4aa2647ce2ce4554ac50f9d2ad3f5e98.png"}]