[{"depSymbol":"lcap_permission","category":"library","type":"gpl","majorVersion":"1","minorVersion":"0.0","targetFile":"library/library-lcap_permission-1.0.0.zip"},{"depSymbol":"lcap_user","category":"library","type":"gpl","majorVersion":"1","minorVersion":"0.3","targetFile":"library/library-lcap_user-1.0.3.zip"},{"depSymbol":"lcap_auth","category":"library","type":"gpl","majorVersion":"1","minorVersion":"0.3","targetFile":"library/library-lcap_auth-1.0.3.zip"},{"depSymbol":"lcap-fe-annotation-data-permission","category":"library","type":"gpl","majorVersion":"1","minorVersion":"0.1","targetFile":"library/lcap-fe-annotation-data-permission@1.0.1.zip"},{"depSymbol":"lcap_annotation_data_permission","category":"library","type":"gpl","majorVersion":"1","minorVersion":"2.0","targetFile":"library/library-lcap_annotation_data_permission-1.2.0.zip"}]