{"roles":"{\"roleResourceMappingList\":[],\"currentRole\":\"DEV-AdminRole\"}","mock":"[{\"path\":\"/api/equipment-info\",\"method\":\"GET\",\"concept\":\"Logic\",\"name\":\"app.dataSources.defaultDS.entities.EquipmentInfo.logics.get\",\"mockData\":\"\"},{\"path\":\"/api/equipment-info\",\"method\":\"POST\",\"concept\":\"Logic\",\"name\":\"app.dataSources.defaultDS.entities.EquipmentInfo.logics.create\",\"mockData\":\"\"},{\"path\":\"/api/equipment-info\",\"method\":\"PUT\",\"concept\":\"Logic\",\"name\":\"app.dataSources.defaultDS.entities.EquipmentInfo.logics.update\",\"mockData\":\"\"},{\"path\":\"/api/equipment-info\",\"method\":\"DELETE\",\"concept\":\"Logic\",\"name\":\"app.dataSources.defaultDS.entities.EquipmentInfo.logics.delete\",\"mockData\":\"\"},{\"path\":\"/api/equipment-info/createOrUpdate\",\"method\":\"POST\",\"concept\":\"Logic\",\"name\":\"app.dataSources.defaultDS.entities.EquipmentInfo.logics.createOrUpdate\",\"mockData\":\"\"},{\"path\":\"/api/equipment-info/by\",\"method\":\"PUT\",\"concept\":\"Logic\",\"name\":\"app.dataSources.defaultDS.entities.EquipmentInfo.logics.updateBy\",\"mockData\":\"\"},{\"path\":\"/api/equipment-info/by\",\"method\":\"DELETE\",\"concept\":\"Logic\",\"name\":\"app.dataSources.defaultDS.entities.EquipmentInfo.logics.deleteBy\",\"mockData\":\"\"},{\"path\":\"/api/equipment-info/batch\",\"method\":\"POST\",\"concept\":\"Logic\",\"name\":\"app.dataSources.defaultDS.entities.EquipmentInfo.logics.batchCreate\",\"mockData\":\"\"},{\"path\":\"/api/equipment-info/batch\",\"method\":\"PUT\",\"concept\":\"Logic\",\"name\":\"app.dataSources.defaultDS.entities.EquipmentInfo.logics.batchUpdate\",\"mockData\":\"\"},{\"path\":\"/api/equipment-info/batch\",\"method\":\"DELETE\",\"concept\":\"Logic\",\"name\":\"app.dataSources.defaultDS.entities.EquipmentInfo.logics.batchDelete\",\"mockData\":\"\"},{\"path\":\"/api/lcplogics/esLogSave\",\"method\":\"POST\",\"concept\":\"Logic\",\"name\":\"app.logics.esLogSave\",\"mockData\":\"\"},{\"path\":\"/api/lcplogics/loadDashboardTableView4\",\"method\":\"POST\",\"concept\":\"Logic\",\"name\":\"app.logics.loadDashboardTableView4\",\"mockData\":\"\"},{\"path\":\"/api/lcplogics/deleteLock\",\"method\":\"POST\",\"concept\":\"Logic\",\"name\":\"app.logics.deleteLock\",\"mockData\":\"\"},{\"path\":\"/api/lcplogics/uniqueCheck\",\"method\":\"POST\",\"concept\":\"Logic\",\"name\":\"app.logics.uniqueCheck\",\"mockData\":\"\"},{\"path\":\"/api/lcplogics/queryHealthEquipt\",\"method\":\"POST\",\"concept\":\"Logic\",\"name\":\"app.logics.queryHealthEquipt\",\"mockData\":\"\"},{\"path\":\"/api/lcplogics/getCookie\",\"method\":\"POST\",\"concept\":\"Logic\",\"name\":\"app.logics.getCookie\",\"mockData\":\"\"},{\"path\":\"/api/lcap_auth/getUser\",\"method\":\"POST\",\"concept\":\"Logic\",\"name\":\"extensions.lcap_auth.logics.getUser\",\"mockData\":\"\"},{\"path\":\"/api/lcap_auth/createToken\",\"method\":\"POST\",\"concept\":\"Logic\",\"name\":\"extensions.lcap_auth.logics.createToken\",\"mockData\":\"\"},{\"path\":\"/api/lcap_auth/removeToken\",\"method\":\"POST\",\"concept\":\"Logic\",\"name\":\"extensions.lcap_auth.logics.removeToken\",\"mockData\":\"\"},{\"path\":\"/api/lcap_permission/uploadResource\",\"method\":\"POST\",\"concept\":\"Logic\",\"name\":\"extensions.lcap_permission.logics.uploadResource\",\"mockData\":\"\"},{\"path\":\"/api/lcap_permission/checkPermission\",\"method\":\"POST\",\"concept\":\"Logic\",\"name\":\"extensions.lcap_permission.logics.checkPermission\",\"mockData\":\"\"},{\"path\":\"/api/lcap_permission/getUserResources\",\"method\":\"POST\",\"concept\":\"Logic\",\"name\":\"extensions.lcap_permission.logics.getUserResources\",\"mockData\":\"\"},{\"path\":\"/api/redis_template_tool/hasKey\",\"method\":\"POST\",\"concept\":\"Logic\",\"name\":\"extensions.redis_template_tool.logics.hasKey\",\"mockData\":\"\"},{\"path\":\"/api/redis_template_tool/deleteKeys\",\"method\":\"POST\",\"concept\":\"Logic\",\"name\":\"extensions.redis_template_tool.logics.deleteKeys\",\"mockData\":\"\"},{\"path\":\"/api/redis_template_tool/setExpire\",\"method\":\"POST\",\"concept\":\"Logic\",\"name\":\"extensions.redis_template_tool.logics.setExpire\",\"mockData\":\"\"},{\"path\":\"/api/redis_template_tool/removeFromSet\",\"method\":\"POST\",\"concept\":\"Logic\",\"name\":\"extensions.redis_template_tool.logics.removeFromSet\",\"mockData\":\"\"},{\"path\":\"/api/redis_template_tool/removesFromSet\",\"method\":\"POST\",\"concept\":\"Logic\",\"name\":\"extensions.redis_template_tool.logics.removesFromSet\",\"mockData\":\"\"},{\"path\":\"/api/redis_template_tool/addToSet\",\"method\":\"POST\",\"concept\":\"Logic\",\"name\":\"extensions.redis_template_tool.logics.addToSet\",\"mockData\":\"\"},{\"path\":\"/api/redis_template_tool/getSetMembers\",\"method\":\"POST\",\"concept\":\"Logic\",\"name\":\"extensions.redis_template_tool.logics.getSetMembers\",\"mockData\":\"\"},{\"path\":\"/api/redis_template_tool/setValueTimeOut\",\"method\":\"POST\",\"concept\":\"Logic\",\"name\":\"extensions.redis_template_tool.logics.setValueTimeOut\",\"mockData\":\"\"},{\"path\":\"/api/redis_template_tool/setValue\",\"method\":\"POST\",\"concept\":\"Logic\",\"name\":\"extensions.redis_template_tool.logics.setValue\",\"mockData\":\"\"},{\"path\":\"/api/redis_template_tool/getListValue\",\"method\":\"POST\",\"concept\":\"Logic\",\"name\":\"extensions.redis_template_tool.logics.getListValue\",\"mockData\":\"\"},{\"path\":\"/api/redis_template_tool/setListValue\",\"method\":\"POST\",\"concept\":\"Logic\",\"name\":\"extensions.redis_template_tool.logics.setListValue\",\"mockData\":\"\"},{\"path\":\"/api/redis_template_tool/getValue\",\"method\":\"POST\",\"concept\":\"Logic\",\"name\":\"extensions.redis_template_tool.logics.getValue\",\"mockData\":\"\"},{\"path\":\"/api/redis_template_tool/setIfAbsent\",\"method\":\"POST\",\"concept\":\"Logic\",\"name\":\"extensions.redis_template_tool.logics.setIfAbsent\",\"mockData\":\"\"},{\"path\":\"/api/redis_template_tool/setIfAbsentWithExpire\",\"method\":\"POST\",\"concept\":\"Logic\",\"name\":\"extensions.redis_template_tool.logics.setIfAbsentWithExpire\",\"mockData\":\"\"},{\"path\":\"/api/redis_template_tool/setIfPresentWithExpire\",\"method\":\"POST\",\"concept\":\"Logic\",\"name\":\"extensions.redis_template_tool.logics.setIfPresentWithExpire\",\"mockData\":\"\"},{\"path\":\"/api/redis_template_tool/incrementLong\",\"method\":\"POST\",\"concept\":\"Logic\",\"name\":\"extensions.redis_template_tool.logics.incrementLong\",\"mockData\":\"\"},{\"path\":\"/api/redis_template_tool/incrementDoulbe\",\"method\":\"POST\",\"concept\":\"Logic\",\"name\":\"extensions.redis_template_tool.logics.incrementDoulbe\",\"mockData\":\"\"},{\"path\":\"/api/redis_template_tool/deleteKey\",\"method\":\"POST\",\"concept\":\"Logic\",\"name\":\"extensions.redis_template_tool.logics.deleteKey\",\"mockData\":\"\"},{\"path\":\"/api/redis_template_tool/setHashValues\",\"method\":\"POST\",\"concept\":\"Logic\",\"name\":\"extensions.redis_template_tool.logics.setHashValues\",\"mockData\":\"\"},{\"path\":\"/api/redis_template_tool/getHashValuesWithNoKey\",\"method\":\"POST\",\"concept\":\"Logic\",\"name\":\"extensions.redis_template_tool.logics.getHashValuesWithNoKey\",\"mockData\":\"\"},{\"path\":\"/api/redis_template_tool/getHashValues\",\"method\":\"POST\",\"concept\":\"Logic\",\"name\":\"extensions.redis_template_tool.logics.getHashValues\",\"mockData\":\"\"},{\"path\":\"/api/redis_template_tool/getHashValuesByKeysAndField\",\"method\":\"POST\",\"concept\":\"Logic\",\"name\":\"extensions.redis_template_tool.logics.getHashValuesByKeysAndField\",\"mockData\":\"\"},{\"path\":\"/api/redis_template_tool/getHashValuesByKeysAndFiledList\",\"method\":\"POST\",\"concept\":\"Logic\",\"name\":\"extensions.redis_template_tool.logics.getHashValuesByKeysAndFiledList\",\"mockData\":\"\"},{\"path\":\"/api/redis_template_tool/deleteHashfieldKeys\",\"method\":\"POST\",\"concept\":\"Logic\",\"name\":\"extensions.redis_template_tool.logics.deleteHashfieldKeys\",\"mockData\":\"\"},{\"path\":\"/api/redis_template_tool/hashfieldKeyExists\",\"method\":\"POST\",\"concept\":\"Logic\",\"name\":\"extensions.redis_template_tool.logics.hashfieldKeyExists\",\"mockData\":\"\"},{\"path\":\"/api/redis_template_tool/hashSetIfNotExists\",\"method\":\"POST\",\"concept\":\"Logic\",\"name\":\"extensions.redis_template_tool.logics.hashSetIfNotExists\",\"mockData\":\"\"},{\"path\":\"/api/redis_template_tool/hashSize\",\"method\":\"POST\",\"concept\":\"Logic\",\"name\":\"extensions.redis_template_tool.logics.hashSize\",\"mockData\":\"\"},{\"path\":\"/api/redis_template_tool/hashKeys\",\"method\":\"POST\",\"concept\":\"Logic\",\"name\":\"extensions.redis_template_tool.logics.hashKeys\",\"mockData\":\"\"},{\"path\":\"/api/redis_template_tool/hashIncrementBy\",\"method\":\"POST\",\"concept\":\"Logic\",\"name\":\"extensions.redis_template_tool.logics.hashIncrementBy\",\"mockData\":\"\"},{\"path\":\"/api/redis_template_tool/hashIncrementByFloat\",\"method\":\"POST\",\"concept\":\"Logic\",\"name\":\"extensions.redis_template_tool.logics.hashIncrementByFloat\",\"mockData\":\"\"},{\"path\":\"/api/connectors/generic_s3_file_connector/testLogic\",\"method\":\"POST\",\"concept\":\"Logic\",\"name\":\"connector.generic_s3_file_connector.testLogic\",\"mockData\":\"\"},{\"path\":\"/api/connectors/nacos_on_http_connector/execute\",\"method\":\"POST\",\"concept\":\"Logic\",\"name\":\"connector.nacos_on_http_connector.execute\",\"mockData\":\"\"}]","urls":[]}