[{"depSymbol":"lcap_permission","category":"library","type":"gpl","majorVersion":"1","minorVersion":"0.0","targetFile":"library/library-lcap_permission-1.0.0.zip"},{"depSymbol":"lcap_auth","category":"library","type":"gpl","majorVersion":"1","minorVersion":"0.3","targetFile":"library/library-lcap_auth-1.0.3.zip"},{"depSymbol":"generic_s3_file_connector","category":"connector","type":"gpl","majorVersion":"1","minorVersion":"0.6","targetFile":"connector/library-generic_s3_file_connector-1.0.6.zip"}]