[{"name":"1694503670181_3.png","type":"image","subType":"cusicon","contentType":"image/png","targetFile":"48e1f67a2f044a9c821aef9e88f6d360.png","urlFromTemplate":"https://lcpapp-static.nos-eastchina1.126.net/user/neteasepmo/1755163470794_0f5225fc88f348878aaf9bdf44bb1261.png"},{"name":"1694503583439_1.png","type":"image","subType":"cusicon","contentType":"image/png","targetFile":"f933cd0d8df442fa85abc7fc887b08a5.png","urlFromTemplate":"https://lcpapp-static.nos-eastchina1.126.net/user/neteasepmo/1755163470793_15f7ccb3aed74df89b72a3c188c4f71a.png"},{"name":"1695350221696_%E5%A4%B4%E5%83%8F.png","type":"image","subType":"cusicon","contentType":"image/png","targetFile":"a004fb7a64b94be8ae5fb6627208728a.png","urlFromTemplate":"https://lcpapp-static.nos-eastchina1.126.net/user/neteasepmo/1755163470793_402a7b18fdd44f2b86290798d891f977.png"},{"name":"1694501169035_%E5%85%A5%E9%80%89.png","type":"image","subType":"cusicon","contentType":"image/png","targetFile":"b652e2f27b494ecb87307c22cb089860.png","urlFromTemplate":"https://lcpapp-static.nos-eastchina1.126.net/user/neteasepmo/1755163470793_72d4df36a56145ebaf64406ab0ddeb38.png"},{"name":"1694503660433_2.png","type":"image","subType":"cusicon","contentType":"image/png","targetFile":"a25d96cc7b374a3184fe1ee65622e227.png","urlFromTemplate":"https://lcpapp-static.nos-eastchina1.126.net/user/neteasepmo/1755163470794_272771086d884cbcb5b763a7b97d9aca.png"},{"name":"1694500506379_banner.png","type":"image","subType":"cusicon","contentType":"image/png","targetFile":"c2108e25e2184278afe902f19b204741.png","urlFromTemplate":"https://lcpapp-static.nos-eastchina1.126.net/user/neteasepmo/1755163470793_51cb342ed83a4fe79d1e69e1baeb4fc9.png"},{"name":"1694503810403_banner2.png","type":"image","subType":"cusicon","contentType":"image/png","targetFile":"1f0fe16330e942cbb54de0db7627ed7f.png","urlFromTemplate":"https://lcpapp-static.nos-eastchina1.126.net/user/neteasepmo/1755163470794_fbc587ece6734074b867f7b04f279378.png"}]