[{"name":"1694503670181_3.png","type":"image","subType":"cusicon","contentType":"image/png","targetFile":"51d8197cd18f49daa06daf51db75dd05.png","urlFromTemplate":"https://lcpapp-static.nos-eastchina1.126.net/user/neteasepmo/1755163497080_6808beab003c4e83817955375cd15996.png"},{"name":"1694501169035_%E5%85%A5%E9%80%89.png","type":"image","subType":"cusicon","contentType":"image/png","targetFile":"b3305c1148674f2b8f6a2979bd3eb7b8.png","urlFromTemplate":"https://lcpapp-static.nos-eastchina1.126.net/user/neteasepmo/1755163497080_afc421155a3241cb9425ae200a87e362.png"},{"name":"1694503660433_2.png","type":"image","subType":"cusicon","contentType":"image/png","targetFile":"75d1a1a999eb4c69a527bfc644b590da.png","urlFromTemplate":"https://lcpapp-static.nos-eastchina1.126.net/user/neteasepmo/1755163497080_673f626e8cea4a64a88dbdb6cb92ff35.png"},{"name":"1695350221696_%E5%A4%B4%E5%83%8F.png","type":"image","subType":"cusicon","contentType":"image/png","targetFile":"67f5b8350e094e5a9dcb1e2807fdb9c0.png","urlFromTemplate":"https://lcpapp-static.nos-eastchina1.126.net/user/neteasepmo/1755163497080_c44b40f2a4404b2aa343e6fc221b39ef.png"},{"name":"1694503810403_banner2.png","type":"image","subType":"cusicon","contentType":"image/png","targetFile":"ebb356d20d1d42f6a0add33d2629eef2.png","urlFromTemplate":"https://lcpapp-static.nos-eastchina1.126.net/user/neteasepmo/1755163497080_9974a71eb9964ad9b90adc655dd91465.png"},{"name":"1694500506379_banner.png","type":"image","subType":"cusicon","contentType":"image/png","targetFile":"f9593d9af69c4279bab006941de64753.png","urlFromTemplate":"https://lcpapp-static.nos-eastchina1.126.net/user/neteasepmo/1755163497080_c957f85761814df78d044f4648ec13f8.png"},{"name":"1694503583439_1.png","type":"image","subType":"cusicon","contentType":"image/png","targetFile":"e1cfeae9608c4981bc993ca4dd23c220.png","urlFromTemplate":"https://lcpapp-static.nos-eastchina1.126.net/user/neteasepmo/1755163497080_db3bc2f4bdb148d7a435704c40a4432a.png"},{"name":"tpoc_1722939501488_259C25E525A2%2B15.svg","type":"image","subType":"cusicon","contentType":"image/svg+xml","targetFile":"e77b08096ff040a88ab250cdb1699d69.svg","urlFromTemplate":"https://lcpapp-static.nos-eastchina1.126.net/user/neteasepmo/1755163524017_24cc4f3579224e26b4a688d0b7deb605.svg"},{"name":"tpoc_1726725318232_容器+(7).svg","type":"image","subType":"cusicon","contentType":"image/svg+xml","targetFile":"0bd0e2fe99d34953a73841e64f393dc6.svg","urlFromTemplate":"https://lcpapp-static.nos-eastchina1.126.net/user/neteasepmo/1755163523983_11c2717dfac84ba692b9ebb08a09063d.svg"},{"name":"pc_文件_线性_16px.svg","type":"image","subType":"cusicon","contentType":"image/svg+xml","targetFile":"824268415f984675befc3a95e16897c7.svg","urlFromTemplate":"https://lcpapp-static.nos-eastchina1.126.net/user/neteasepmo/1755163523998_67cd4885cd554ed48b458c5f6774eb0b.svg"},{"name":"dogfood_1720601409001_树目录icon_day.svg","type":"image","subType":"cusicon","contentType":"image/svg+xml","targetFile":"9334caa3a0a4420d998918f3c96e5d2b.svg","urlFromTemplate":"https://lcpapp-static.nos-eastchina1.126.net/user/neteasepmo/1755163524115_a0deeef74ede4a8f9bb0cbf6fcf8b418.svg"},{"name":"tpoc_1722939501867_259C25E525A22B2529.svg","type":"image","subType":"cusicon","contentType":"image/svg+xml","targetFile":"afd4a93a39034c858473c08e7eeaa295.svg","urlFromTemplate":"https://lcpapp-static.nos-eastchina1.126.net/user/neteasepmo/1755163524500_bdbd41294a2b4d0fa1015cc958cd643c.svg"},{"name":"树目录icon_day.svg","type":"image","subType":"cusicon","contentType":"image/svg+xml","targetFile":"def79bc21922419cb63beab6c48e2305.svg","urlFromTemplate":"https://lcpapp-static.nos-eastchina1.126.net/user/neteasepmo/1755163524544_47a0f266866e4eb483afd2b344b10672.svg"},{"name":"add+(1).svg","type":"image","subType":"cusicon","contentType":"image/svg+xml","targetFile":"9622d441458647068d8f6015cd4cdef8.svg","urlFromTemplate":"https://lcpapp-static.nos-eastchina1.126.net/user/neteasepmo/1755163524734_74b913b122c440ad8835ae63c99f7a9e.svg"},{"name":"reduce+(1).svg","type":"image","subType":"cusicon","contentType":"image/svg+xml","targetFile":"13501ae4411b4d51b7e0619f16a8ac45.svg","urlFromTemplate":"https://lcpapp-static.nos-eastchina1.126.net/user/neteasepmo/1755163524689_06df6d8955fb4d0d88f793d12f7b71d8.svg"},{"name":"%E7%BB%84%E4%BB%B6%201.svg","type":"image","subType":"cusicon","contentType":"image/svg+xml","targetFile":"e0ebf5bd3e6f45b7b90ce852fa270226.svg","urlFromTemplate":"https://lcpapp-static.nos-eastchina1.126.net/user/neteasepmo/1755163525200_106421b2565d4684a72be13edebb23de.svg"},{"name":"%E7%BB%84%E4%BB%B6%201%20%287%29.svg","type":"image","subType":"cusicon","contentType":"image/svg+xml","targetFile":"adac73127798457fb76282688844811c.svg","urlFromTemplate":"https://lcpapp-static.nos-eastchina1.126.net/user/neteasepmo/1755163525193_3d8fa13e337246038278613d497c4039.svg"},{"name":"ff70630a10424e81a85acef62d6a5d32.jpg","type":"image","subType":"cusicon","contentType":"image/jpeg","targetFile":"4a83375639fc4c03a52033bae59bfec6.jpg","urlFromTemplate":"https://lcpapp-static.nos-eastchina1.126.net/user/neteasepmo/1755163524942_d09fdff2cbff4e37b18058eed55a6137.jpg"},{"name":"%E5%AE%B9%E5%99%A8%20%281%29.svg","type":"image","subType":"cusicon","contentType":"image/svg+xml","targetFile":"548b2e9e235c443bb3c836426b3804b7.svg","urlFromTemplate":"https://lcpapp-static.nos-eastchina1.126.net/user/neteasepmo/1755163525097_1de2c5f883e1409ab1ab74ff034e46e0.svg"},{"name":"%E7%BB%84%E4%BB%B6%201%20%282%29.svg","type":"image","subType":"cusicon","contentType":"image/svg+xml","targetFile":"4df052eae54e44a2a09df6f183235909.svg","urlFromTemplate":"https://lcpapp-static.nos-eastchina1.126.net/user/neteasepmo/1755163525331_49a75ab037264cdfad73f038b1e6a703.svg"},{"name":"pc_%E6%96%87%E4%BB%B6_%E7%BA%BF%E6%80%A7_16px.svg","type":"image","subType":"cusicon","contentType":"image/svg+xml","targetFile":"5a242f28ed774170929d9798dbb72f92.svg","urlFromTemplate":"https://lcpapp-static.nos-eastchina1.126.net/user/neteasepmo/1755163525835_374d80995e6a44f2bbb72011a8334f92.svg"},{"name":"2476920de9194b359e1c89c58472bd93.svg","type":"image","subType":"cusicon","contentType":"image/svg+xml","targetFile":"bd0e8ec778b44e4a8ba0caf63f5c4969.svg","urlFromTemplate":"https://lcpapp-static.nos-eastchina1.126.net/user/neteasepmo/1755163525771_8688161423b3470086faa257af6d0549.svg"},{"name":"%E5%AE%B9%E5%99%A8%20%282%29.svg","type":"image","subType":"cusicon","contentType":"image/svg+xml","targetFile":"106fcfba87834d229bbfff41fbe972d6.svg","urlFromTemplate":"https://lcpapp-static.nos-eastchina1.126.net/user/neteasepmo/1755163525724_5a6f5806ae314a48a64c6b977e79c001.svg"}]