<?xml version="1.0" encoding="UTF-8"?>
<archetype-descriptor
    xsi:schemaLocation="https://maven.apache.org/plugins/maven-archetype-plugin/archetype-descriptor/1.1.0 https://maven.apache.org/xsd/archetype-descriptor-1.1.0.xsd"
    name="gitlab-code-repository-connector"
    xmlns="https://maven.apache.org/plugins/maven-archetype-plugin/archetype-descriptor/1.1.0"
    xmlns:xsi="http://www.w3.org/2001/XMLSchema-instance">
    <requiredProperties>
        <requiredProperty key="uuid">
            <defaultValue>${package.getClass().forName("java.util.UUID").randomUUID().toString().replace("-", "")}
            </defaultValue>
        </requiredProperty>
    </requiredProperties>
    <fileSets>
        <fileSet filtered="true" packaged="true" encoding="UTF-8">
            <directory>src/main/java</directory>
            <includes>
                <include>**/*.java</include>
            </includes>
        </fileSet>
        <fileSet encoding="UTF-8">
            <directory>src/main/resources</directory>
            <includes>
                <include>**/*.SourceCodeRepository</include>
            </includes>
        </fileSet>
        <fileSet encoding="UTF-8">
            <includes>
                <include>.gitignore</include>
            </includes>
        </fileSet>
    </fileSets>
</archetype-descriptor>
