{"roles":"{\"roleResourceMappingList\":[],\"currentRole\":\"DEV-AdminRole\"}","mock":"[{\"path\":\"/api/equipment-work-plan\",\"method\":\"GET\",\"concept\":\"Logic\",\"name\":\"app.dataSources.defaultDS.entities.EquipmentWorkPlan.logics.get\",\"mockData\":\"\"},{\"path\":\"/api/equipment-work-plan\",\"method\":\"POST\",\"concept\":\"Logic\",\"name\":\"app.dataSources.defaultDS.entities.EquipmentWorkPlan.logics.create\",\"mockData\":\"\"},{\"path\":\"/api/equipment-work-plan\",\"method\":\"PUT\",\"concept\":\"Logic\",\"name\":\"app.dataSources.defaultDS.entities.EquipmentWorkPlan.logics.update\",\"mockData\":\"\"},{\"path\":\"/api/equipment-work-plan\",\"method\":\"DELETE\",\"concept\":\"Logic\",\"name\":\"app.dataSources.defaultDS.entities.EquipmentWorkPlan.logics.delete\",\"mockData\":\"\"},{\"path\":\"/api/equipment-work-plan/createOrUpdate\",\"method\":\"POST\",\"concept\":\"Logic\",\"name\":\"app.dataSources.defaultDS.entities.EquipmentWorkPlan.logics.createOrUpdate\",\"mockData\":\"\"},{\"path\":\"/api/equipment-work-plan/by\",\"method\":\"PUT\",\"concept\":\"Logic\",\"name\":\"app.dataSources.defaultDS.entities.EquipmentWorkPlan.logics.updateBy\",\"mockData\":\"\"},{\"path\":\"/api/equipment-work-plan/by\",\"method\":\"DELETE\",\"concept\":\"Logic\",\"name\":\"app.dataSources.defaultDS.entities.EquipmentWorkPlan.logics.deleteBy\",\"mockData\":\"\"},{\"path\":\"/api/equipment-work-plan/batch\",\"method\":\"POST\",\"concept\":\"Logic\",\"name\":\"app.dataSources.defaultDS.entities.EquipmentWorkPlan.logics.batchCreate\",\"mockData\":\"\"},{\"path\":\"/api/equipment-work-plan/batch\",\"method\":\"PUT\",\"concept\":\"Logic\",\"name\":\"app.dataSources.defaultDS.entities.EquipmentWorkPlan.logics.batchUpdate\",\"mockData\":\"\"},{\"path\":\"/api/equipment-work-plan/batch\",\"method\":\"DELETE\",\"concept\":\"Logic\",\"name\":\"app.dataSources.defaultDS.entities.EquipmentWorkPlan.logics.batchDelete\",\"mockData\":\"\"},{\"path\":\"/api/lcplogics/loadDashboardTableView1\",\"method\":\"POST\",\"concept\":\"Logic\",\"name\":\"app.logics.loadDashboardTableView1\",\"mockData\":\"\"},{\"path\":\"/api/lcplogics/getCookie\",\"method\":\"POST\",\"concept\":\"Logic\",\"name\":\"app.logics.getCookie\",\"mockData\":\"\"},{\"path\":\"/api/lcplogics/logic1\",\"method\":\"POST\",\"concept\":\"Logic\",\"name\":\"app.logics.logic1\",\"mockData\":\"\"},{\"path\":\"/api/lcap_auth/getUser\",\"method\":\"POST\",\"concept\":\"Logic\",\"name\":\"extensions.lcap_auth.logics.getUser\",\"mockData\":\"\"},{\"path\":\"/api/lcap_auth/createToken\",\"method\":\"POST\",\"concept\":\"Logic\",\"name\":\"extensions.lcap_auth.logics.createToken\",\"mockData\":\"\"},{\"path\":\"/api/lcap_auth/removeToken\",\"method\":\"POST\",\"concept\":\"Logic\",\"name\":\"extensions.lcap_auth.logics.removeToken\",\"mockData\":\"\"},{\"path\":\"/api/lcap_permission/uploadResource\",\"method\":\"POST\",\"concept\":\"Logic\",\"name\":\"extensions.lcap_permission.logics.uploadResource\",\"mockData\":\"\"},{\"path\":\"/api/lcap_permission/checkPermission\",\"method\":\"POST\",\"concept\":\"Logic\",\"name\":\"extensions.lcap_permission.logics.checkPermission\",\"mockData\":\"\"},{\"path\":\"/api/lcap_permission/getUserResources\",\"method\":\"POST\",\"concept\":\"Logic\",\"name\":\"extensions.lcap_permission.logics.getUserResources\",\"mockData\":\"\"},{\"path\":\"/api/connectors/generic_s3_file_connector/testLogic\",\"method\":\"POST\",\"concept\":\"Logic\",\"name\":\"connector.generic_s3_file_connector.testLogic\",\"mockData\":\"\"},{\"path\":\"/api/connectors/nacos_on_http_connector/execute\",\"method\":\"POST\",\"concept\":\"Logic\",\"name\":\"connector.nacos_on_http_connector.execute\",\"mockData\":\"\"}]","urls":[]}