[{"name":"1695350221696_%E5%A4%B4%E5%83%8F.png","type":"image","subType":"cusicon","contentType":"image/png","targetFile":"5b3bc941d95d4b62b6d2433d87a40fb4.png","urlFromTemplate":"https://lcpapp-static.nos-eastchina1.126.net/user/cwasset/1755068682240_3c00f842d7284212b01d02178ad4f64a.png"},{"name":"1694503660433_2.png","type":"image","subType":"cusicon","contentType":"image/png","targetFile":"31b204e2fc73422ab4a07aca4f519b1b.png","urlFromTemplate":"https://lcpapp-static.nos-eastchina1.126.net/user/cwasset/1755068682240_42cbcf00b00847529c91d1bb962aba35.png"},{"name":"1694501169035_%E5%85%A5%E9%80%89.png","type":"image","subType":"cusicon","contentType":"image/png","targetFile":"91957763c1d94d358eb9280bfd833d02.png","urlFromTemplate":"https://lcpapp-static.nos-eastchina1.126.net/user/cwasset/1755068682240_01a7365c3529409fa39a546c270d8376.png"},{"name":"1694503583439_1.png","type":"image","subType":"cusicon","contentType":"image/png","targetFile":"e2b13d68d4ed4160861890c60f6a1737.png","urlFromTemplate":"https://lcpapp-static.nos-eastchina1.126.net/user/cwasset/1755068682240_46aa36f7f4eb42929a63672a094e7177.png"},{"name":"1694503670181_3.png","type":"image","subType":"cusicon","contentType":"image/png","targetFile":"52b5ca9907cf4a7396d1ef42709f21b3.png","urlFromTemplate":"https://lcpapp-static.nos-eastchina1.126.net/user/cwasset/1755068682240_69d91b1561994c5b974adc876ccc7fbd.png"},{"name":"1694503810403_banner2.png","type":"image","subType":"cusicon","contentType":"image/png","targetFile":"6717d48c945641b5bac3104aedde0b91.png","urlFromTemplate":"https://lcpapp-static.nos-eastchina1.126.net/user/cwasset/1755068682240_a4a59873bc904e2d9462a1efa510d052.png"},{"name":"1694500506379_banner.png","type":"image","subType":"cusicon","contentType":"image/png","targetFile":"f23d7bc4fb20480a80fd1dbe366254bb.png","urlFromTemplate":"https://lcpapp-static.nos-eastchina1.126.net/user/cwasset/1755068682240_52129eee96ad40ddb26d3ddfbb4d4be1.png"}]