[{"depSymbol":"generic_s3_file_connector","category":"connector","type":"gpl","majorVersion":"1","minorVersion":"2.0","targetFile":"connector/1754452915519_5bedbffe3eb646fca895559dd0f5f741.zip"},{"depSymbol":"lcap_permission","category":"library","type":"gpl","majorVersion":"1","minorVersion":"0.0","targetFile":"library/library-lcap_permission-1.0.0.zip"},{"depSymbol":"lcap_auth","category":"library","type":"gpl","majorVersion":"1","minorVersion":"0.3","targetFile":"library/library-lcap_auth-1.0.3.zip"},{"depSymbol":"redis_template_tool","category":"library","type":"gpl","majorVersion":"1","minorVersion":"0.1","targetFile":"library/1751880862543_acf6b59e1e484c9f8667762f36f87b0e.zip"}]