{"roles":"{\"roleResourceMappingList\":[{\"roleName\":\"DEV-AdminRole\",\"resourcePath\":\"/dashboard\"},{\"roleName\":\"DEV-AdminRole\",\"resourcePath\":\"/permissionCenter/departmentManagement\"},{\"roleName\":\"DEV-AdminRole\",\"resourcePath\":\"/permissionCenter/roleManagement\"},{\"roleName\":\"DEV-AdminRole\",\"resourcePath\":\"/permissionCenter/userManagement\"},{\"roleName\":\"DEV-AdminRole\",\"resourcePath\":\"/permissionCenter/permissionManagement\"},{\"roleName\":\"DEV-AdminRole\",\"resourcePath\":\"/permissionCenter\"}],\"currentRole\":\"DEV-AdminRole\"}","mock":"[{\"path\":\"/api/l-c-a-p-resource\",\"method\":\"GET\",\"concept\":\"Logic\",\"name\":\"app.dataSources.defaultDS.entities.LCAPResource.logics.get\",\"mockData\":\"\"},{\"path\":\"/api/l-c-a-p-resource\",\"method\":\"POST\",\"concept\":\"Logic\",\"name\":\"app.dataSources.defaultDS.entities.LCAPResource.logics.create\",\"mockData\":\"\"},{\"path\":\"/api/l-c-a-p-resource\",\"method\":\"PUT\",\"concept\":\"Logic\",\"name\":\"app.dataSources.defaultDS.entities.LCAPResource.logics.update\",\"mockData\":\"\"},{\"path\":\"/api/l-c-a-p-resource\",\"method\":\"DELETE\",\"concept\":\"Logic\",\"name\":\"app.dataSources.defaultDS.entities.LCAPResource.logics.delete\",\"mockData\":\"\"},{\"path\":\"/api/l-c-a-p-resource/createOrUpdate\",\"method\":\"POST\",\"concept\":\"Logic\",\"name\":\"app.dataSources.defaultDS.entities.LCAPResource.logics.createOrUpdate\",\"mockData\":\"\"},{\"path\":\"/api/l-c-a-p-resource/by\",\"method\":\"PUT\",\"concept\":\"Logic\",\"name\":\"app.dataSources.defaultDS.entities.LCAPResource.logics.updateBy\",\"mockData\":\"\"},{\"path\":\"/api/l-c-a-p-resource/by\",\"method\":\"DELETE\",\"concept\":\"Logic\",\"name\":\"app.dataSources.defaultDS.entities.LCAPResource.logics.deleteBy\",\"mockData\":\"\"},{\"path\":\"/api/l-c-a-p-resource/batch\",\"method\":\"POST\",\"concept\":\"Logic\",\"name\":\"app.dataSources.defaultDS.entities.LCAPResource.logics.batchCreate\",\"mockData\":\"\"},{\"path\":\"/api/l-c-a-p-resource/batch\",\"method\":\"PUT\",\"concept\":\"Logic\",\"name\":\"app.dataSources.defaultDS.entities.LCAPResource.logics.batchUpdate\",\"mockData\":\"\"},{\"path\":\"/api/l-c-a-p-resource/batch\",\"method\":\"DELETE\",\"concept\":\"Logic\",\"name\":\"app.dataSources.defaultDS.entities.LCAPResource.logics.batchDelete\",\"mockData\":\"\"},{\"path\":\"/api/l-c-a-p-resource/import\",\"method\":\"POST\",\"concept\":\"Logic\",\"name\":\"app.dataSources.defaultDS.entities.LCAPResource.logics.import\",\"mockData\":\"\"},{\"path\":\"/api/l-c-a-p-permission\",\"method\":\"GET\",\"concept\":\"Logic\",\"name\":\"app.dataSources.defaultDS.entities.LCAPPermission.logics.get\",\"mockData\":\"\"},{\"path\":\"/api/l-c-a-p-permission\",\"method\":\"POST\",\"concept\":\"Logic\",\"name\":\"app.dataSources.defaultDS.entities.LCAPPermission.logics.create\",\"mockData\":\"\"},{\"path\":\"/api/l-c-a-p-permission\",\"method\":\"PUT\",\"concept\":\"Logic\",\"name\":\"app.dataSources.defaultDS.entities.LCAPPermission.logics.update\",\"mockData\":\"\"},{\"path\":\"/api/l-c-a-p-permission\",\"method\":\"DELETE\",\"concept\":\"Logic\",\"name\":\"app.dataSources.defaultDS.entities.LCAPPermission.logics.delete\",\"mockData\":\"\"},{\"path\":\"/api/l-c-a-p-permission/createOrUpdate\",\"method\":\"POST\",\"concept\":\"Logic\",\"name\":\"app.dataSources.defaultDS.entities.LCAPPermission.logics.createOrUpdate\",\"mockData\":\"\"},{\"path\":\"/api/l-c-a-p-permission/by\",\"method\":\"PUT\",\"concept\":\"Logic\",\"name\":\"app.dataSources.defaultDS.entities.LCAPPermission.logics.updateBy\",\"mockData\":\"\"},{\"path\":\"/api/l-c-a-p-permission/by\",\"method\":\"DELETE\",\"concept\":\"Logic\",\"name\":\"app.dataSources.defaultDS.entities.LCAPPermission.logics.deleteBy\",\"mockData\":\"\"},{\"path\":\"/api/l-c-a-p-permission/batch\",\"method\":\"POST\",\"concept\":\"Logic\",\"name\":\"app.dataSources.defaultDS.entities.LCAPPermission.logics.batchCreate\",\"mockData\":\"\"},{\"path\":\"/api/l-c-a-p-permission/batch\",\"method\":\"PUT\",\"concept\":\"Logic\",\"name\":\"app.dataSources.defaultDS.entities.LCAPPermission.logics.batchUpdate\",\"mockData\":\"\"},{\"path\":\"/api/l-c-a-p-permission/batch\",\"method\":\"DELETE\",\"concept\":\"Logic\",\"name\":\"app.dataSources.defaultDS.entities.LCAPPermission.logics.batchDelete\",\"mockData\":\"\"},{\"path\":\"/api/l-c-a-p-permission/import\",\"method\":\"POST\",\"concept\":\"Logic\",\"name\":\"app.dataSources.defaultDS.entities.LCAPPermission.logics.import\",\"mockData\":\"\"},{\"path\":\"/api/l-c-a-p-role\",\"method\":\"GET\",\"concept\":\"Logic\",\"name\":\"app.dataSources.defaultDS.entities.LCAPRole.logics.get\",\"mockData\":\"\"},{\"path\":\"/api/l-c-a-p-role\",\"method\":\"POST\",\"concept\":\"Logic\",\"name\":\"app.dataSources.defaultDS.entities.LCAPRole.logics.create\",\"mockData\":\"\"},{\"path\":\"/api/l-c-a-p-role\",\"method\":\"PUT\",\"concept\":\"Logic\",\"name\":\"app.dataSources.defaultDS.entities.LCAPRole.logics.update\",\"mockData\":\"\"},{\"path\":\"/api/l-c-a-p-role\",\"method\":\"DELETE\",\"concept\":\"Logic\",\"name\":\"app.dataSources.defaultDS.entities.LCAPRole.logics.delete\",\"mockData\":\"\"},{\"path\":\"/api/l-c-a-p-role/createOrUpdate\",\"method\":\"POST\",\"concept\":\"Logic\",\"name\":\"app.dataSources.defaultDS.entities.LCAPRole.logics.createOrUpdate\",\"mockData\":\"\"},{\"path\":\"/api/l-c-a-p-role/by\",\"method\":\"PUT\",\"concept\":\"Logic\",\"name\":\"app.dataSources.defaultDS.entities.LCAPRole.logics.updateBy\",\"mockData\":\"\"},{\"path\":\"/api/l-c-a-p-role/by\",\"method\":\"DELETE\",\"concept\":\"Logic\",\"name\":\"app.dataSources.defaultDS.entities.LCAPRole.logics.deleteBy\",\"mockData\":\"\"},{\"path\":\"/api/l-c-a-p-role/batch\",\"method\":\"POST\",\"concept\":\"Logic\",\"name\":\"app.dataSources.defaultDS.entities.LCAPRole.logics.batchCreate\",\"mockData\":\"\"},{\"path\":\"/api/l-c-a-p-role/batch\",\"method\":\"PUT\",\"concept\":\"Logic\",\"name\":\"app.dataSources.defaultDS.entities.LCAPRole.logics.batchUpdate\",\"mockData\":\"\"},{\"path\":\"/api/l-c-a-p-role/batch\",\"method\":\"DELETE\",\"concept\":\"Logic\",\"name\":\"app.dataSources.defaultDS.entities.LCAPRole.logics.batchDelete\",\"mockData\":\"\"},{\"path\":\"/api/l-c-a-p-role/import\",\"method\":\"POST\",\"concept\":\"Logic\",\"name\":\"app.dataSources.defaultDS.entities.LCAPRole.logics.import\",\"mockData\":\"\"},{\"path\":\"/api/l-c-a-p-user-role-mapping\",\"method\":\"GET\",\"concept\":\"Logic\",\"name\":\"app.dataSources.defaultDS.entities.LCAPUserRoleMapping.logics.get\",\"mockData\":\"\"},{\"path\":\"/api/l-c-a-p-user-role-mapping\",\"method\":\"POST\",\"concept\":\"Logic\",\"name\":\"app.dataSources.defaultDS.entities.LCAPUserRoleMapping.logics.create\",\"mockData\":\"\"},{\"path\":\"/api/l-c-a-p-user-role-mapping\",\"method\":\"PUT\",\"concept\":\"Logic\",\"name\":\"app.dataSources.defaultDS.entities.LCAPUserRoleMapping.logics.update\",\"mockData\":\"\"},{\"path\":\"/api/l-c-a-p-user-role-mapping\",\"method\":\"DELETE\",\"concept\":\"Logic\",\"name\":\"app.dataSources.defaultDS.entities.LCAPUserRoleMapping.logics.delete\",\"mockData\":\"\"},{\"path\":\"/api/l-c-a-p-user-role-mapping/createOrUpdate\",\"method\":\"POST\",\"concept\":\"Logic\",\"name\":\"app.dataSources.defaultDS.entities.LCAPUserRoleMapping.logics.createOrUpdate\",\"mockData\":\"\"},{\"path\":\"/api/l-c-a-p-user-role-mapping/by\",\"method\":\"PUT\",\"concept\":\"Logic\",\"name\":\"app.dataSources.defaultDS.entities.LCAPUserRoleMapping.logics.updateBy\",\"mockData\":\"\"},{\"path\":\"/api/l-c-a-p-user-role-mapping/by\",\"method\":\"DELETE\",\"concept\":\"Logic\",\"name\":\"app.dataSources.defaultDS.entities.LCAPUserRoleMapping.logics.deleteBy\",\"mockData\":\"\"},{\"path\":\"/api/l-c-a-p-user-role-mapping/batch\",\"method\":\"POST\",\"concept\":\"Logic\",\"name\":\"app.dataSources.defaultDS.entities.LCAPUserRoleMapping.logics.batchCreate\",\"mockData\":\"\"},{\"path\":\"/api/l-c-a-p-user-role-mapping/batch\",\"method\":\"PUT\",\"concept\":\"Logic\",\"name\":\"app.dataSources.defaultDS.entities.LCAPUserRoleMapping.logics.batchUpdate\",\"mockData\":\"\"},{\"path\":\"/api/l-c-a-p-user-role-mapping/batch\",\"method\":\"DELETE\",\"concept\":\"Logic\",\"name\":\"app.dataSources.defaultDS.entities.LCAPUserRoleMapping.logics.batchDelete\",\"mockData\":\"\"},{\"path\":\"/api/l-c-a-p-user-role-mapping/import\",\"method\":\"POST\",\"concept\":\"Logic\",\"name\":\"app.dataSources.defaultDS.entities.LCAPUserRoleMapping.logics.import\",\"mockData\":\"\"},{\"path\":\"/api/l-c-a-p-per-res-mapping\",\"method\":\"GET\",\"concept\":\"Logic\",\"name\":\"app.dataSources.defaultDS.entities.LCAPPerResMapping.logics.get\",\"mockData\":\"\"},{\"path\":\"/api/l-c-a-p-per-res-mapping\",\"method\":\"POST\",\"concept\":\"Logic\",\"name\":\"app.dataSources.defaultDS.entities.LCAPPerResMapping.logics.create\",\"mockData\":\"\"},{\"path\":\"/api/l-c-a-p-per-res-mapping\",\"method\":\"PUT\",\"concept\":\"Logic\",\"name\":\"app.dataSources.defaultDS.entities.LCAPPerResMapping.logics.update\",\"mockData\":\"\"},{\"path\":\"/api/l-c-a-p-per-res-mapping\",\"method\":\"DELETE\",\"concept\":\"Logic\",\"name\":\"app.dataSources.defaultDS.entities.LCAPPerResMapping.logics.delete\",\"mockData\":\"\"},{\"path\":\"/api/l-c-a-p-per-res-mapping/createOrUpdate\",\"method\":\"POST\",\"concept\":\"Logic\",\"name\":\"app.dataSources.defaultDS.entities.LCAPPerResMapping.logics.createOrUpdate\",\"mockData\":\"\"},{\"path\":\"/api/l-c-a-p-per-res-mapping/by\",\"method\":\"PUT\",\"concept\":\"Logic\",\"name\":\"app.dataSources.defaultDS.entities.LCAPPerResMapping.logics.updateBy\",\"mockData\":\"\"},{\"path\":\"/api/l-c-a-p-per-res-mapping/by\",\"method\":\"DELETE\",\"concept\":\"Logic\",\"name\":\"app.dataSources.defaultDS.entities.LCAPPerResMapping.logics.deleteBy\",\"mockData\":\"\"},{\"path\":\"/api/l-c-a-p-per-res-mapping/batch\",\"method\":\"POST\",\"concept\":\"Logic\",\"name\":\"app.dataSources.defaultDS.entities.LCAPPerResMapping.logics.batchCreate\",\"mockData\":\"\"},{\"path\":\"/api/l-c-a-p-per-res-mapping/batch\",\"method\":\"PUT\",\"concept\":\"Logic\",\"name\":\"app.dataSources.defaultDS.entities.LCAPPerResMapping.logics.batchUpdate\",\"mockData\":\"\"},{\"path\":\"/api/l-c-a-p-per-res-mapping/batch\",\"method\":\"DELETE\",\"concept\":\"Logic\",\"name\":\"app.dataSources.defaultDS.entities.LCAPPerResMapping.logics.batchDelete\",\"mockData\":\"\"},{\"path\":\"/api/l-c-a-p-per-res-mapping/import\",\"method\":\"POST\",\"concept\":\"Logic\",\"name\":\"app.dataSources.defaultDS.entities.LCAPPerResMapping.logics.import\",\"mockData\":\"\"},{\"path\":\"/api/l-c-a-p-role-per-mapping\",\"method\":\"GET\",\"concept\":\"Logic\",\"name\":\"app.dataSources.defaultDS.entities.LCAPRolePerMapping.logics.get\",\"mockData\":\"\"},{\"path\":\"/api/l-c-a-p-role-per-mapping\",\"method\":\"POST\",\"concept\":\"Logic\",\"name\":\"app.dataSources.defaultDS.entities.LCAPRolePerMapping.logics.create\",\"mockData\":\"\"},{\"path\":\"/api/l-c-a-p-role-per-mapping\",\"method\":\"PUT\",\"concept\":\"Logic\",\"name\":\"app.dataSources.defaultDS.entities.LCAPRolePerMapping.logics.update\",\"mockData\":\"\"},{\"path\":\"/api/l-c-a-p-role-per-mapping\",\"method\":\"DELETE\",\"concept\":\"Logic\",\"name\":\"app.dataSources.defaultDS.entities.LCAPRolePerMapping.logics.delete\",\"mockData\":\"\"},{\"path\":\"/api/l-c-a-p-role-per-mapping/createOrUpdate\",\"method\":\"POST\",\"concept\":\"Logic\",\"name\":\"app.dataSources.defaultDS.entities.LCAPRolePerMapping.logics.createOrUpdate\",\"mockData\":\"\"},{\"path\":\"/api/l-c-a-p-role-per-mapping/by\",\"method\":\"PUT\",\"concept\":\"Logic\",\"name\":\"app.dataSources.defaultDS.entities.LCAPRolePerMapping.logics.updateBy\",\"mockData\":\"\"},{\"path\":\"/api/l-c-a-p-role-per-mapping/by\",\"method\":\"DELETE\",\"concept\":\"Logic\",\"name\":\"app.dataSources.defaultDS.entities.LCAPRolePerMapping.logics.deleteBy\",\"mockData\":\"\"},{\"path\":\"/api/l-c-a-p-role-per-mapping/batch\",\"method\":\"POST\",\"concept\":\"Logic\",\"name\":\"app.dataSources.defaultDS.entities.LCAPRolePerMapping.logics.batchCreate\",\"mockData\":\"\"},{\"path\":\"/api/l-c-a-p-role-per-mapping/batch\",\"method\":\"PUT\",\"concept\":\"Logic\",\"name\":\"app.dataSources.defaultDS.entities.LCAPRolePerMapping.logics.batchUpdate\",\"mockData\":\"\"},{\"path\":\"/api/l-c-a-p-role-per-mapping/batch\",\"method\":\"DELETE\",\"concept\":\"Logic\",\"name\":\"app.dataSources.defaultDS.entities.LCAPRolePerMapping.logics.batchDelete\",\"mockData\":\"\"},{\"path\":\"/api/l-c-a-p-role-per-mapping/import\",\"method\":\"POST\",\"concept\":\"Logic\",\"name\":\"app.dataSources.defaultDS.entities.LCAPRolePerMapping.logics.import\",\"mockData\":\"\"},{\"path\":\"/api/l-c-a-p-user\",\"method\":\"GET\",\"concept\":\"Logic\",\"name\":\"app.dataSources.defaultDS.entities.LCAPUser.logics.get\",\"mockData\":\"\"},{\"path\":\"/api/l-c-a-p-user\",\"method\":\"POST\",\"concept\":\"Logic\",\"name\":\"app.dataSources.defaultDS.entities.LCAPUser.logics.create\",\"mockData\":\"\"},{\"path\":\"/api/l-c-a-p-user\",\"method\":\"PUT\",\"concept\":\"Logic\",\"name\":\"app.dataSources.defaultDS.entities.LCAPUser.logics.update\",\"mockData\":\"\"},{\"path\":\"/api/l-c-a-p-user\",\"method\":\"DELETE\",\"concept\":\"Logic\",\"name\":\"app.dataSources.defaultDS.entities.LCAPUser.logics.delete\",\"mockData\":\"\"},{\"path\":\"/api/l-c-a-p-user/createOrUpdate\",\"method\":\"POST\",\"concept\":\"Logic\",\"name\":\"app.dataSources.defaultDS.entities.LCAPUser.logics.createOrUpdate\",\"mockData\":\"\"},{\"path\":\"/api/l-c-a-p-user/by\",\"method\":\"PUT\",\"concept\":\"Logic\",\"name\":\"app.dataSources.defaultDS.entities.LCAPUser.logics.updateBy\",\"mockData\":\"\"},{\"path\":\"/api/l-c-a-p-user/by\",\"method\":\"DELETE\",\"concept\":\"Logic\",\"name\":\"app.dataSources.defaultDS.entities.LCAPUser.logics.deleteBy\",\"mockData\":\"\"},{\"path\":\"/api/l-c-a-p-user/batch\",\"method\":\"POST\",\"concept\":\"Logic\",\"name\":\"app.dataSources.defaultDS.entities.LCAPUser.logics.batchCreate\",\"mockData\":\"\"},{\"path\":\"/api/l-c-a-p-user/batch\",\"method\":\"PUT\",\"concept\":\"Logic\",\"name\":\"app.dataSources.defaultDS.entities.LCAPUser.logics.batchUpdate\",\"mockData\":\"\"},{\"path\":\"/api/l-c-a-p-user/batch\",\"method\":\"DELETE\",\"concept\":\"Logic\",\"name\":\"app.dataSources.defaultDS.entities.LCAPUser.logics.batchDelete\",\"mockData\":\"\"},{\"path\":\"/api/l-c-a-p-user/import\",\"method\":\"POST\",\"concept\":\"Logic\",\"name\":\"app.dataSources.defaultDS.entities.LCAPUser.logics.import\",\"mockData\":\"\"},{\"path\":\"/api/l-c-a-p-department\",\"method\":\"GET\",\"concept\":\"Logic\",\"name\":\"app.dataSources.defaultDS.entities.LCAPDepartment.logics.get\",\"mockData\":\"\"},{\"path\":\"/api/l-c-a-p-department\",\"method\":\"POST\",\"concept\":\"Logic\",\"name\":\"app.dataSources.defaultDS.entities.LCAPDepartment.logics.create\",\"mockData\":\"\"},{\"path\":\"/api/l-c-a-p-department\",\"method\":\"PUT\",\"concept\":\"Logic\",\"name\":\"app.dataSources.defaultDS.entities.LCAPDepartment.logics.update\",\"mockData\":\"\"},{\"path\":\"/api/l-c-a-p-department\",\"method\":\"DELETE\",\"concept\":\"Logic\",\"name\":\"app.dataSources.defaultDS.entities.LCAPDepartment.logics.delete\",\"mockData\":\"\"},{\"path\":\"/api/l-c-a-p-department/createOrUpdate\",\"method\":\"POST\",\"concept\":\"Logic\",\"name\":\"app.dataSources.defaultDS.entities.LCAPDepartment.logics.createOrUpdate\",\"mockData\":\"\"},{\"path\":\"/api/l-c-a-p-department/by\",\"method\":\"PUT\",\"concept\":\"Logic\",\"name\":\"app.dataSources.defaultDS.entities.LCAPDepartment.logics.updateBy\",\"mockData\":\"\"},{\"path\":\"/api/l-c-a-p-department/by\",\"method\":\"DELETE\",\"concept\":\"Logic\",\"name\":\"app.dataSources.defaultDS.entities.LCAPDepartment.logics.deleteBy\",\"mockData\":\"\"},{\"path\":\"/api/l-c-a-p-department/batch\",\"method\":\"POST\",\"concept\":\"Logic\",\"name\":\"app.dataSources.defaultDS.entities.LCAPDepartment.logics.batchCreate\",\"mockData\":\"\"},{\"path\":\"/api/l-c-a-p-department/batch\",\"method\":\"PUT\",\"concept\":\"Logic\",\"name\":\"app.dataSources.defaultDS.entities.LCAPDepartment.logics.batchUpdate\",\"mockData\":\"\"},{\"path\":\"/api/l-c-a-p-department/batch\",\"method\":\"DELETE\",\"concept\":\"Logic\",\"name\":\"app.dataSources.defaultDS.entities.LCAPDepartment.logics.batchDelete\",\"mockData\":\"\"},{\"path\":\"/api/l-c-a-p-department/import\",\"method\":\"POST\",\"concept\":\"Logic\",\"name\":\"app.dataSources.defaultDS.entities.LCAPDepartment.logics.import\",\"mockData\":\"\"},{\"path\":\"/api/l-c-a-p-user-dept-mapping\",\"method\":\"GET\",\"concept\":\"Logic\",\"name\":\"app.dataSources.defaultDS.entities.LCAPUserDeptMapping.logics.get\",\"mockData\":\"\"},{\"path\":\"/api/l-c-a-p-user-dept-mapping\",\"method\":\"POST\",\"concept\":\"Logic\",\"name\":\"app.dataSources.defaultDS.entities.LCAPUserDeptMapping.logics.create\",\"mockData\":\"\"},{\"path\":\"/api/l-c-a-p-user-dept-mapping\",\"method\":\"PUT\",\"concept\":\"Logic\",\"name\":\"app.dataSources.defaultDS.entities.LCAPUserDeptMapping.logics.update\",\"mockData\":\"\"},{\"path\":\"/api/l-c-a-p-user-dept-mapping\",\"method\":\"DELETE\",\"concept\":\"Logic\",\"name\":\"app.dataSources.defaultDS.entities.LCAPUserDeptMapping.logics.delete\",\"mockData\":\"\"},{\"path\":\"/api/l-c-a-p-user-dept-mapping/createOrUpdate\",\"method\":\"POST\",\"concept\":\"Logic\",\"name\":\"app.dataSources.defaultDS.entities.LCAPUserDeptMapping.logics.createOrUpdate\",\"mockData\":\"\"},{\"path\":\"/api/l-c-a-p-user-dept-mapping/by\",\"method\":\"PUT\",\"concept\":\"Logic\",\"name\":\"app.dataSources.defaultDS.entities.LCAPUserDeptMapping.logics.updateBy\",\"mockData\":\"\"},{\"path\":\"/api/l-c-a-p-user-dept-mapping/by\",\"method\":\"DELETE\",\"concept\":\"Logic\",\"name\":\"app.dataSources.defaultDS.entities.LCAPUserDeptMapping.logics.deleteBy\",\"mockData\":\"\"},{\"path\":\"/api/l-c-a-p-user-dept-mapping/batch\",\"method\":\"POST\",\"concept\":\"Logic\",\"name\":\"app.dataSources.defaultDS.entities.LCAPUserDeptMapping.logics.batchCreate\",\"mockData\":\"\"},{\"path\":\"/api/l-c-a-p-user-dept-mapping/batch\",\"method\":\"PUT\",\"concept\":\"Logic\",\"name\":\"app.dataSources.defaultDS.entities.LCAPUserDeptMapping.logics.batchUpdate\",\"mockData\":\"\"},{\"path\":\"/api/l-c-a-p-user-dept-mapping/batch\",\"method\":\"DELETE\",\"concept\":\"Logic\",\"name\":\"app.dataSources.defaultDS.entities.LCAPUserDeptMapping.logics.batchDelete\",\"mockData\":\"\"},{\"path\":\"/api/l-c-a-p-user-dept-mapping/import\",\"method\":\"POST\",\"concept\":\"Logic\",\"name\":\"app.dataSources.defaultDS.entities.LCAPUserDeptMapping.logics.import\",\"mockData\":\"\"},{\"path\":\"/api/l-c-a-p-row-rule-item\",\"method\":\"GET\",\"concept\":\"Logic\",\"name\":\"app.dataSources.defaultDS.entities.LCAPRowRuleItem.logics.get\",\"mockData\":\"\"},{\"path\":\"/api/l-c-a-p-row-rule-item\",\"method\":\"POST\",\"concept\":\"Logic\",\"name\":\"app.dataSources.defaultDS.entities.LCAPRowRuleItem.logics.create\",\"mockData\":\"\"},{\"path\":\"/api/l-c-a-p-row-rule-item\",\"method\":\"PUT\",\"concept\":\"Logic\",\"name\":\"app.dataSources.defaultDS.entities.LCAPRowRuleItem.logics.update\",\"mockData\":\"\"},{\"path\":\"/api/l-c-a-p-row-rule-item\",\"method\":\"DELETE\",\"concept\":\"Logic\",\"name\":\"app.dataSources.defaultDS.entities.LCAPRowRuleItem.logics.delete\",\"mockData\":\"\"},{\"path\":\"/api/l-c-a-p-row-rule-item/createOrUpdate\",\"method\":\"POST\",\"concept\":\"Logic\",\"name\":\"app.dataSources.defaultDS.entities.LCAPRowRuleItem.logics.createOrUpdate\",\"mockData\":\"\"},{\"path\":\"/api/l-c-a-p-row-rule-item/by\",\"method\":\"PUT\",\"concept\":\"Logic\",\"name\":\"app.dataSources.defaultDS.entities.LCAPRowRuleItem.logics.updateBy\",\"mockData\":\"\"},{\"path\":\"/api/l-c-a-p-row-rule-item/by\",\"method\":\"DELETE\",\"concept\":\"Logic\",\"name\":\"app.dataSources.defaultDS.entities.LCAPRowRuleItem.logics.deleteBy\",\"mockData\":\"\"},{\"path\":\"/api/l-c-a-p-row-rule-item/batch\",\"method\":\"POST\",\"concept\":\"Logic\",\"name\":\"app.dataSources.defaultDS.entities.LCAPRowRuleItem.logics.batchCreate\",\"mockData\":\"\"},{\"path\":\"/api/l-c-a-p-row-rule-item/batch\",\"method\":\"PUT\",\"concept\":\"Logic\",\"name\":\"app.dataSources.defaultDS.entities.LCAPRowRuleItem.logics.batchUpdate\",\"mockData\":\"\"},{\"path\":\"/api/l-c-a-p-row-rule-item/batch\",\"method\":\"DELETE\",\"concept\":\"Logic\",\"name\":\"app.dataSources.defaultDS.entities.LCAPRowRuleItem.logics.batchDelete\",\"mockData\":\"\"},{\"path\":\"/api/l-c-a-p-row-rule-item/import\",\"method\":\"POST\",\"concept\":\"Logic\",\"name\":\"app.dataSources.defaultDS.entities.LCAPRowRuleItem.logics.import\",\"mockData\":\"\"},{\"path\":\"/api/l-c-a-p-column-rule\",\"method\":\"GET\",\"concept\":\"Logic\",\"name\":\"app.dataSources.defaultDS.entities.LCAPColumnRule.logics.get\",\"mockData\":\"\"},{\"path\":\"/api/l-c-a-p-column-rule\",\"method\":\"POST\",\"concept\":\"Logic\",\"name\":\"app.dataSources.defaultDS.entities.LCAPColumnRule.logics.create\",\"mockData\":\"\"},{\"path\":\"/api/l-c-a-p-column-rule\",\"method\":\"PUT\",\"concept\":\"Logic\",\"name\":\"app.dataSources.defaultDS.entities.LCAPColumnRule.logics.update\",\"mockData\":\"\"},{\"path\":\"/api/l-c-a-p-column-rule\",\"method\":\"DELETE\",\"concept\":\"Logic\",\"name\":\"app.dataSources.defaultDS.entities.LCAPColumnRule.logics.delete\",\"mockData\":\"\"},{\"path\":\"/api/l-c-a-p-column-rule/createOrUpdate\",\"method\":\"POST\",\"concept\":\"Logic\",\"name\":\"app.dataSources.defaultDS.entities.LCAPColumnRule.logics.createOrUpdate\",\"mockData\":\"\"},{\"path\":\"/api/l-c-a-p-column-rule/by\",\"method\":\"PUT\",\"concept\":\"Logic\",\"name\":\"app.dataSources.defaultDS.entities.LCAPColumnRule.logics.updateBy\",\"mockData\":\"\"},{\"path\":\"/api/l-c-a-p-column-rule/by\",\"method\":\"DELETE\",\"concept\":\"Logic\",\"name\":\"app.dataSources.defaultDS.entities.LCAPColumnRule.logics.deleteBy\",\"mockData\":\"\"},{\"path\":\"/api/l-c-a-p-column-rule/batch\",\"method\":\"POST\",\"concept\":\"Logic\",\"name\":\"app.dataSources.defaultDS.entities.LCAPColumnRule.logics.batchCreate\",\"mockData\":\"\"},{\"path\":\"/api/l-c-a-p-column-rule/batch\",\"method\":\"PUT\",\"concept\":\"Logic\",\"name\":\"app.dataSources.defaultDS.entities.LCAPColumnRule.logics.batchUpdate\",\"mockData\":\"\"},{\"path\":\"/api/l-c-a-p-column-rule/batch\",\"method\":\"DELETE\",\"concept\":\"Logic\",\"name\":\"app.dataSources.defaultDS.entities.LCAPColumnRule.logics.batchDelete\",\"mockData\":\"\"},{\"path\":\"/api/l-c-a-p-column-rule/import\",\"method\":\"POST\",\"concept\":\"Logic\",\"name\":\"app.dataSources.defaultDS.entities.LCAPColumnRule.logics.import\",\"mockData\":\"\"},{\"path\":\"/api/l-c-a-p-entity-meta\",\"method\":\"GET\",\"concept\":\"Logic\",\"name\":\"app.dataSources.defaultDS.entities.LCAPEntityMeta.logics.get\",\"mockData\":\"\"},{\"path\":\"/api/l-c-a-p-entity-meta\",\"method\":\"POST\",\"concept\":\"Logic\",\"name\":\"app.dataSources.defaultDS.entities.LCAPEntityMeta.logics.create\",\"mockData\":\"\"},{\"path\":\"/api/l-c-a-p-entity-meta\",\"method\":\"PUT\",\"concept\":\"Logic\",\"name\":\"app.dataSources.defaultDS.entities.LCAPEntityMeta.logics.update\",\"mockData\":\"\"},{\"path\":\"/api/l-c-a-p-entity-meta\",\"method\":\"DELETE\",\"concept\":\"Logic\",\"name\":\"app.dataSources.defaultDS.entities.LCAPEntityMeta.logics.delete\",\"mockData\":\"\"},{\"path\":\"/api/l-c-a-p-entity-meta/createOrUpdate\",\"method\":\"POST\",\"concept\":\"Logic\",\"name\":\"app.dataSources.defaultDS.entities.LCAPEntityMeta.logics.createOrUpdate\",\"mockData\":\"\"},{\"path\":\"/api/l-c-a-p-entity-meta/by\",\"method\":\"PUT\",\"concept\":\"Logic\",\"name\":\"app.dataSources.defaultDS.entities.LCAPEntityMeta.logics.updateBy\",\"mockData\":\"\"},{\"path\":\"/api/l-c-a-p-entity-meta/by\",\"method\":\"DELETE\",\"concept\":\"Logic\",\"name\":\"app.dataSources.defaultDS.entities.LCAPEntityMeta.logics.deleteBy\",\"mockData\":\"\"},{\"path\":\"/api/l-c-a-p-entity-meta/batch\",\"method\":\"POST\",\"concept\":\"Logic\",\"name\":\"app.dataSources.defaultDS.entities.LCAPEntityMeta.logics.batchCreate\",\"mockData\":\"\"},{\"path\":\"/api/l-c-a-p-entity-meta/batch\",\"method\":\"PUT\",\"concept\":\"Logic\",\"name\":\"app.dataSources.defaultDS.entities.LCAPEntityMeta.logics.batchUpdate\",\"mockData\":\"\"},{\"path\":\"/api/l-c-a-p-entity-meta/batch\",\"method\":\"DELETE\",\"concept\":\"Logic\",\"name\":\"app.dataSources.defaultDS.entities.LCAPEntityMeta.logics.batchDelete\",\"mockData\":\"\"},{\"path\":\"/api/l-c-a-p-entity-meta/import\",\"method\":\"POST\",\"concept\":\"Logic\",\"name\":\"app.dataSources.defaultDS.entities.LCAPEntityMeta.logics.import\",\"mockData\":\"\"},{\"path\":\"/api/l-c-a-p-logic-meta\",\"method\":\"GET\",\"concept\":\"Logic\",\"name\":\"app.dataSources.defaultDS.entities.LCAPLogicMeta.logics.get\",\"mockData\":\"\"},{\"path\":\"/api/l-c-a-p-logic-meta\",\"method\":\"POST\",\"concept\":\"Logic\",\"name\":\"app.dataSources.defaultDS.entities.LCAPLogicMeta.logics.create\",\"mockData\":\"\"},{\"path\":\"/api/l-c-a-p-logic-meta\",\"method\":\"PUT\",\"concept\":\"Logic\",\"name\":\"app.dataSources.defaultDS.entities.LCAPLogicMeta.logics.update\",\"mockData\":\"\"},{\"path\":\"/api/l-c-a-p-logic-meta\",\"method\":\"DELETE\",\"concept\":\"Logic\",\"name\":\"app.dataSources.defaultDS.entities.LCAPLogicMeta.logics.delete\",\"mockData\":\"\"},{\"path\":\"/api/l-c-a-p-logic-meta/createOrUpdate\",\"method\":\"POST\",\"concept\":\"Logic\",\"name\":\"app.dataSources.defaultDS.entities.LCAPLogicMeta.logics.createOrUpdate\",\"mockData\":\"\"},{\"path\":\"/api/l-c-a-p-logic-meta/by\",\"method\":\"PUT\",\"concept\":\"Logic\",\"name\":\"app.dataSources.defaultDS.entities.LCAPLogicMeta.logics.updateBy\",\"mockData\":\"\"},{\"path\":\"/api/l-c-a-p-logic-meta/by\",\"method\":\"DELETE\",\"concept\":\"Logic\",\"name\":\"app.dataSources.defaultDS.entities.LCAPLogicMeta.logics.deleteBy\",\"mockData\":\"\"},{\"path\":\"/api/l-c-a-p-logic-meta/batch\",\"method\":\"POST\",\"concept\":\"Logic\",\"name\":\"app.dataSources.defaultDS.entities.LCAPLogicMeta.logics.batchCreate\",\"mockData\":\"\"},{\"path\":\"/api/l-c-a-p-logic-meta/batch\",\"method\":\"PUT\",\"concept\":\"Logic\",\"name\":\"app.dataSources.defaultDS.entities.LCAPLogicMeta.logics.batchUpdate\",\"mockData\":\"\"},{\"path\":\"/api/l-c-a-p-logic-meta/batch\",\"method\":\"DELETE\",\"concept\":\"Logic\",\"name\":\"app.dataSources.defaultDS.entities.LCAPLogicMeta.logics.batchDelete\",\"mockData\":\"\"},{\"path\":\"/api/l-c-a-p-logic-meta/import\",\"method\":\"POST\",\"concept\":\"Logic\",\"name\":\"app.dataSources.defaultDS.entities.LCAPLogicMeta.logics.import\",\"mockData\":\"\"},{\"path\":\"/api/l-c-a-p-data-permission\",\"method\":\"GET\",\"concept\":\"Logic\",\"name\":\"app.dataSources.defaultDS.entities.LCAPDataPermission.logics.get\",\"mockData\":\"\"},{\"path\":\"/api/l-c-a-p-data-permission\",\"method\":\"POST\",\"concept\":\"Logic\",\"name\":\"app.dataSources.defaultDS.entities.LCAPDataPermission.logics.create\",\"mockData\":\"\"},{\"path\":\"/api/l-c-a-p-data-permission\",\"method\":\"PUT\",\"concept\":\"Logic\",\"name\":\"app.dataSources.defaultDS.entities.LCAPDataPermission.logics.update\",\"mockData\":\"\"},{\"path\":\"/api/l-c-a-p-data-permission\",\"method\":\"DELETE\",\"concept\":\"Logic\",\"name\":\"app.dataSources.defaultDS.entities.LCAPDataPermission.logics.delete\",\"mockData\":\"\"},{\"path\":\"/api/l-c-a-p-data-permission/createOrUpdate\",\"method\":\"POST\",\"concept\":\"Logic\",\"name\":\"app.dataSources.defaultDS.entities.LCAPDataPermission.logics.createOrUpdate\",\"mockData\":\"\"},{\"path\":\"/api/l-c-a-p-data-permission/by\",\"method\":\"PUT\",\"concept\":\"Logic\",\"name\":\"app.dataSources.defaultDS.entities.LCAPDataPermission.logics.updateBy\",\"mockData\":\"\"},{\"path\":\"/api/l-c-a-p-data-permission/by\",\"method\":\"DELETE\",\"concept\":\"Logic\",\"name\":\"app.dataSources.defaultDS.entities.LCAPDataPermission.logics.deleteBy\",\"mockData\":\"\"},{\"path\":\"/api/l-c-a-p-data-permission/batch\",\"method\":\"POST\",\"concept\":\"Logic\",\"name\":\"app.dataSources.defaultDS.entities.LCAPDataPermission.logics.batchCreate\",\"mockData\":\"\"},{\"path\":\"/api/l-c-a-p-data-permission/batch\",\"method\":\"PUT\",\"concept\":\"Logic\",\"name\":\"app.dataSources.defaultDS.entities.LCAPDataPermission.logics.batchUpdate\",\"mockData\":\"\"},{\"path\":\"/api/l-c-a-p-data-permission/batch\",\"method\":\"DELETE\",\"concept\":\"Logic\",\"name\":\"app.dataSources.defaultDS.entities.LCAPDataPermission.logics.batchDelete\",\"mockData\":\"\"},{\"path\":\"/api/l-c-a-p-data-permission/import\",\"method\":\"POST\",\"concept\":\"Logic\",\"name\":\"app.dataSources.defaultDS.entities.LCAPDataPermission.logics.import\",\"mockData\":\"\"},{\"path\":\"/api/lcplogics/getUser\",\"method\":\"POST\",\"concept\":\"Logic\",\"name\":\"app.logics.getUser\",\"mockData\":\"\"},{\"path\":\"/api/lcplogics/LCAPGetRoleNameList\",\"method\":\"POST\",\"concept\":\"Logic\",\"name\":\"app.logics.LCAPGetRoleNameList\",\"mockData\":\"\"},{\"path\":\"/api/lcplogics/LCAPGetPermissionByRoleId\",\"method\":\"POST\",\"concept\":\"Logic\",\"name\":\"app.logics.LCAPGetPermissionByRoleId\",\"mockData\":\"\"},{\"path\":\"/api/lcplogics/LCAPGetUserResources\",\"method\":\"POST\",\"concept\":\"Logic\",\"name\":\"app.logics.LCAPGetUserResources\",\"mockData\":\"\"},{\"path\":\"/api/lcplogics/LCAPLoadUserRoleMappingTableView\",\"method\":\"POST\",\"concept\":\"Logic\",\"name\":\"app.logics.LCAPLoadUserRoleMappingTableView\",\"mockData\":\"\"},{\"path\":\"/api/lcplogics/LCAPLoadRoleManagementTableView\",\"method\":\"POST\",\"concept\":\"Logic\",\"name\":\"app.logics.LCAPLoadRoleManagementTableView\",\"mockData\":\"\"},{\"path\":\"/api/lcplogics/LCAPGetUserTableView\",\"method\":\"POST\",\"concept\":\"Logic\",\"name\":\"app.logics.LCAPGetUserTableView\",\"mockData\":\"\"},{\"path\":\"/api/lcplogics/LCAPGetUserNameList\",\"method\":\"POST\",\"concept\":\"Logic\",\"name\":\"app.logics.LCAPGetUserNameList\",\"mockData\":\"\"},{\"path\":\"/api/lcplogics/LCAPGetUserByUserIds\",\"method\":\"POST\",\"concept\":\"Logic\",\"name\":\"app.logics.LCAPGetUserByUserIds\",\"mockData\":\"\"},{\"path\":\"/api/lcplogics/LCAPLoadAddRoleUserTableView\",\"method\":\"POST\",\"concept\":\"Logic\",\"name\":\"app.logics.LCAPLoadAddRoleUserTableView\",\"mockData\":\"\"},{\"path\":\"/api/lcplogics/LCAPLoadPermissionManagementTableView\",\"method\":\"POST\",\"concept\":\"Logic\",\"name\":\"app.logics.LCAPLoadPermissionManagementTableView\",\"mockData\":\"\"},{\"path\":\"/api/lcplogics/LCAPGetPermissionNameList\",\"method\":\"POST\",\"concept\":\"Logic\",\"name\":\"app.logics.LCAPGetPermissionNameList\",\"mockData\":\"\"},{\"path\":\"/api/lcplogics/LCAPLoadAddRolePermissionTableView\",\"method\":\"POST\",\"concept\":\"Logic\",\"name\":\"app.logics.LCAPLoadAddRolePermissionTableView\",\"mockData\":\"\"},{\"path\":\"/api/lcplogics/LCAPGetMappingDeleteByRoleIdAndPermissionId\",\"method\":\"POST\",\"concept\":\"Logic\",\"name\":\"app.logics.LCAPGetMappingDeleteByRoleIdAndPermissionId\",\"mockData\":\"\"},{\"path\":\"/api/lcplogics/LCAPGetPermissionResourceRelated\",\"method\":\"POST\",\"concept\":\"Logic\",\"name\":\"app.logics.LCAPGetPermissionResourceRelated\",\"mockData\":\"\"},{\"path\":\"/api/lcplogics/LCAPGetPermissionResourseNotRelated\",\"method\":\"POST\",\"concept\":\"Logic\",\"name\":\"app.logics.LCAPGetPermissionResourseNotRelated\",\"mockData\":\"\"},{\"path\":\"/api/lcplogics/LCAPGetPerResMappingByPermissionId\",\"method\":\"POST\",\"concept\":\"Logic\",\"name\":\"app.logics.LCAPGetPerResMappingByPermissionId\",\"mockData\":\"\"},{\"path\":\"/api/lcplogics/LCAPCreateNormalUser\",\"method\":\"POST\",\"concept\":\"Logic\",\"name\":\"app.logics.LCAPCreateNormalUser\",\"mockData\":\"\"},{\"path\":\"/api/lcplogics/LCAPUpdateNormalUser\",\"method\":\"POST\",\"concept\":\"Logic\",\"name\":\"app.logics.LCAPUpdateNormalUser\",\"mockData\":\"\"},{\"path\":\"/api/lcplogics/LCAPCreateDepartment\",\"method\":\"POST\",\"concept\":\"Logic\",\"name\":\"app.logics.LCAPCreateDepartment\",\"mockData\":\"\"},{\"path\":\"/api/lcplogics/LCAPUpdateDepartment\",\"method\":\"POST\",\"concept\":\"Logic\",\"name\":\"app.logics.LCAPUpdateDepartment\",\"mockData\":\"\"},{\"path\":\"/api/lcplogics/LCAPBatchDeleteDepartment\",\"method\":\"POST\",\"concept\":\"Logic\",\"name\":\"app.logics.LCAPBatchDeleteDepartment\",\"mockData\":\"\"},{\"path\":\"/api/lcplogics/LCAPSetDeptLeader\",\"method\":\"POST\",\"concept\":\"Logic\",\"name\":\"app.logics.LCAPSetDeptLeader\",\"mockData\":\"\"},{\"path\":\"/api/lcplogics/LCAPCancelDeptLeader\",\"method\":\"POST\",\"concept\":\"Logic\",\"name\":\"app.logics.LCAPCancelDeptLeader\",\"mockData\":\"\"},{\"path\":\"/api/lcplogics/LCAPBatchAddDeptUser\",\"method\":\"POST\",\"concept\":\"Logic\",\"name\":\"app.logics.LCAPBatchAddDeptUser\",\"mockData\":\"\"},{\"path\":\"/api/lcplogics/LCAPBatchUpdateDeptUser\",\"method\":\"POST\",\"concept\":\"Logic\",\"name\":\"app.logics.LCAPBatchUpdateDeptUser\",\"mockData\":\"\"},{\"path\":\"/api/lcplogics/LCAPBatchRemoveDeptUser\",\"method\":\"POST\",\"concept\":\"Logic\",\"name\":\"app.logics.LCAPBatchRemoveDeptUser\",\"mockData\":\"\"},{\"path\":\"/api/lcplogics/LCAPGetDepts\",\"method\":\"POST\",\"concept\":\"Logic\",\"name\":\"app.logics.LCAPGetDepts\",\"mockData\":\"\"},{\"path\":\"/api/lcplogics/LCAPGetDept\",\"method\":\"POST\",\"concept\":\"Logic\",\"name\":\"app.logics.LCAPGetDept\",\"mockData\":\"\"},{\"path\":\"/api/lcplogics/LCAPSearchDepts\",\"method\":\"POST\",\"concept\":\"Logic\",\"name\":\"app.logics.LCAPSearchDepts\",\"mockData\":\"\"},{\"path\":\"/api/lcplogics/LCAPGetDeptUsers\",\"method\":\"POST\",\"concept\":\"Logic\",\"name\":\"app.logics.LCAPGetDeptUsers\",\"mockData\":\"\"},{\"path\":\"/api/lcplogics/LCAPGetDeptList\",\"method\":\"POST\",\"concept\":\"Logic\",\"name\":\"app.logics.LCAPGetDeptList\",\"mockData\":\"\"},{\"path\":\"/api/lcplogics/LCAPCreateRootDept\",\"method\":\"POST\",\"concept\":\"Logic\",\"name\":\"app.logics.LCAPCreateRootDept\",\"mockData\":\"\"},{\"path\":\"/api/lcplogics/LCAPLoadDeptSetLeaderSelect\",\"method\":\"POST\",\"concept\":\"Logic\",\"name\":\"app.logics.LCAPLoadDeptSetLeaderSelect\",\"mockData\":\"\"},{\"path\":\"/api/lcplogics/LCAPLoadDeptAddUserSelect\",\"method\":\"POST\",\"concept\":\"Logic\",\"name\":\"app.logics.LCAPLoadDeptAddUserSelect\",\"mockData\":\"\"},{\"path\":\"/api/lcplogics/LCAPLoadUserManagementSelect\",\"method\":\"POST\",\"concept\":\"Logic\",\"name\":\"app.logics.LCAPLoadUserManagementSelect\",\"mockData\":\"\"},{\"path\":\"/api/lcplogics/LCAPSearchDeptUsers\",\"method\":\"POST\",\"concept\":\"Logic\",\"name\":\"app.logics.LCAPSearchDeptUsers\",\"mockData\":\"\"},{\"path\":\"/api/lcplogics/LCAPGetChildDepts\",\"method\":\"POST\",\"concept\":\"Logic\",\"name\":\"app.logics.LCAPGetChildDepts\",\"mockData\":\"\"},{\"path\":\"/api/lcplogics/LCAPGetSecondParentDept\",\"method\":\"POST\",\"concept\":\"Logic\",\"name\":\"app.logics.LCAPGetSecondParentDept\",\"mockData\":\"\"},{\"path\":\"/api/lcplogics/LCAPJudgeDelEntityOrLogicMeta\",\"method\":\"POST\",\"concept\":\"Logic\",\"name\":\"app.logics.LCAPJudgeDelEntityOrLogicMeta\",\"mockData\":\"\"},{\"path\":\"/api/lcplogics/LCAPDeleteDataPermission\",\"method\":\"POST\",\"concept\":\"Logic\",\"name\":\"app.logics.LCAPDeleteDataPermission\",\"mockData\":\"\"},{\"path\":\"/api/lcplogics/LCAPJudgeSaveEntityOrLogicMeta\",\"method\":\"POST\",\"concept\":\"Logic\",\"name\":\"app.logics.LCAPJudgeSaveEntityOrLogicMeta\",\"mockData\":\"\"},{\"path\":\"/api/lcplogics/LCAPNoneEntityDataPermission\",\"method\":\"POST\",\"concept\":\"Logic\",\"name\":\"app.logics.LCAPNoneEntityDataPermission\",\"mockData\":\"\"},{\"path\":\"/api/lcplogics/LCAPNoneLogicDataPermission\",\"method\":\"POST\",\"concept\":\"Logic\",\"name\":\"app.logics.LCAPNoneLogicDataPermission\",\"mockData\":\"\"},{\"path\":\"/api/lcplogics/LCAPLoadDataMetaManagement\",\"method\":\"POST\",\"concept\":\"Logic\",\"name\":\"app.logics.LCAPLoadDataMetaManagement\",\"mockData\":\"\"},{\"path\":\"/api/lcplogics/LCAPGetDataPermissionByResourceName\",\"method\":\"POST\",\"concept\":\"Logic\",\"name\":\"app.logics.LCAPGetDataPermissionByResourceName\",\"mockData\":\"\"},{\"path\":\"/api/lcplogics/LCAPGetColumnRuleByDataPermissionId\",\"method\":\"POST\",\"concept\":\"Logic\",\"name\":\"app.logics.LCAPGetColumnRuleByDataPermissionId\",\"mockData\":\"\"},{\"path\":\"/api/lcplogics/LCAPGetUserNameByUserId\",\"method\":\"POST\",\"concept\":\"Logic\",\"name\":\"app.logics.LCAPGetUserNameByUserId\",\"mockData\":\"\"},{\"path\":\"/api/lcplogics/LCAPGetRowRuleByDataPermissionId\",\"method\":\"POST\",\"concept\":\"Logic\",\"name\":\"app.logics.LCAPGetRowRuleByDataPermissionId\",\"mockData\":\"\"},{\"path\":\"/api/lcplogics/LCAPReportEntity\",\"method\":\"POST\",\"concept\":\"Logic\",\"name\":\"app.logics.LCAPReportEntity\",\"mockData\":\"\"},{\"path\":\"/api/lcplogics/LCAPReportLogic\",\"method\":\"POST\",\"concept\":\"Logic\",\"name\":\"app.logics.LCAPReportLogic\",\"mockData\":\"\"},{\"path\":\"/api/lcplogics/LCAPGetEntityDataPermissions\",\"method\":\"POST\",\"concept\":\"Logic\",\"name\":\"app.logics.LCAPGetEntityDataPermissions\",\"mockData\":\"\"},{\"path\":\"/api/lcplogics/LCAPGetLogicDataPermissions\",\"method\":\"POST\",\"concept\":\"Logic\",\"name\":\"app.logics.LCAPGetLogicDataPermissions\",\"mockData\":\"\"},{\"path\":\"/api/lcplogics/LCAPGetDeptIdByUserId\",\"method\":\"POST\",\"concept\":\"Logic\",\"name\":\"app.logics.LCAPGetDeptIdByUserId\",\"mockData\":\"\"},{\"path\":\"/api/lcplogics/LCAPGetUnderlingUserNameByUserId\",\"method\":\"POST\",\"concept\":\"Logic\",\"name\":\"app.logics.LCAPGetUnderlingUserNameByUserId\",\"mockData\":\"\"},{\"path\":\"/api/lcplogics/LCAPGetDeptAndUnderlingUserNameByUserId\",\"method\":\"POST\",\"concept\":\"Logic\",\"name\":\"app.logics.LCAPGetDeptAndUnderlingUserNameByUserId\",\"mockData\":\"\"},{\"path\":\"/api/lcplogics/LCAPGetEntityMetaById\",\"method\":\"POST\",\"concept\":\"Logic\",\"name\":\"app.logics.LCAPGetEntityMetaById\",\"mockData\":\"\"},{\"path\":\"/api/lcplogics/LCAPGetLogicMetaById\",\"method\":\"POST\",\"concept\":\"Logic\",\"name\":\"app.logics.LCAPGetLogicMetaById\",\"mockData\":\"\"},{\"path\":\"/api/lcplogics/LCAPCreateDataPermission\",\"method\":\"POST\",\"concept\":\"Logic\",\"name\":\"app.logics.LCAPCreateDataPermission\",\"mockData\":\"\"},{\"path\":\"/api/lcplogics/LCAPGetEntityMetaByName\",\"method\":\"POST\",\"concept\":\"Logic\",\"name\":\"app.logics.LCAPGetEntityMetaByName\",\"mockData\":\"\"},{\"path\":\"/api/lcplogics/LCAPGetLogicMetaByName\",\"method\":\"POST\",\"concept\":\"Logic\",\"name\":\"app.logics.LCAPGetLogicMetaByName\",\"mockData\":\"\"},{\"path\":\"/api/lcplogics/LCAPGetDataPermissionIdByRoleId\",\"method\":\"POST\",\"concept\":\"Logic\",\"name\":\"app.logics.LCAPGetDataPermissionIdByRoleId\",\"mockData\":\"\"},{\"path\":\"/api/lcplogics/LCAPCreateIdeRoleDataPermission\",\"method\":\"POST\",\"concept\":\"Logic\",\"name\":\"app.logics.LCAPCreateIdeRoleDataPermission\",\"mockData\":\"\"},{\"path\":\"/api/lcplogics/LCAPLoginNormal\",\"method\":\"POST\",\"concept\":\"Logic\",\"name\":\"app.logics.LCAPLoginNormal\",\"mockData\":\"\"},{\"path\":\"/api/lcap_auth/getUser\",\"method\":\"POST\",\"concept\":\"Logic\",\"name\":\"extensions.lcap_auth.logics.getUser\",\"mockData\":\"\"},{\"path\":\"/api/lcap_auth/createToken\",\"method\":\"POST\",\"concept\":\"Logic\",\"name\":\"extensions.lcap_auth.logics.createToken\",\"mockData\":\"\"},{\"path\":\"/api/lcap_auth/removeToken\",\"method\":\"POST\",\"concept\":\"Logic\",\"name\":\"extensions.lcap_auth.logics.removeToken\",\"mockData\":\"\"},{\"path\":\"/api/lcap_permission/uploadResource\",\"method\":\"POST\",\"concept\":\"Logic\",\"name\":\"extensions.lcap_permission.logics.uploadResource\",\"mockData\":\"\"},{\"path\":\"/api/lcap_permission/checkPermission\",\"method\":\"POST\",\"concept\":\"Logic\",\"name\":\"extensions.lcap_permission.logics.checkPermission\",\"mockData\":\"\"},{\"path\":\"/api/lcap_permission/getUserResources\",\"method\":\"POST\",\"concept\":\"Logic\",\"name\":\"extensions.lcap_permission.logics.getUserResources\",\"mockData\":\"\"},{\"path\":\"/api/lcap_annotation_data_permission/evictDataPermissionCache\",\"method\":\"POST\",\"concept\":\"Logic\",\"name\":\"extensions.lcap_annotation_data_permission.logics.evictDataPermissionCache\",\"mockData\":\"\"},{\"path\":\"/api/lcap_annotation_data_permission/reportEntity\",\"method\":\"POST\",\"concept\":\"Logic\",\"name\":\"extensions.lcap_annotation_data_permission.logics.reportEntity\",\"mockData\":\"\"},{\"path\":\"/api/lcap_annotation_data_permission/getEntityDataPermissions\",\"method\":\"POST\",\"concept\":\"Logic\",\"name\":\"extensions.lcap_annotation_data_permission.logics.getEntityDataPermissions\",\"mockData\":\"\"},{\"path\":\"/api/lcap_annotation_data_permission/reportLogic\",\"method\":\"POST\",\"concept\":\"Logic\",\"name\":\"extensions.lcap_annotation_data_permission.logics.reportLogic\",\"mockData\":\"\"},{\"path\":\"/api/lcap_annotation_data_permission/getLogicDataPermissions\",\"method\":\"POST\",\"concept\":\"Logic\",\"name\":\"extensions.lcap_annotation_data_permission.logics.getLogicDataPermissions\",\"mockData\":\"\"},{\"path\":\"/api/lcap_user/getUserList\",\"method\":\"POST\",\"concept\":\"Logic\",\"name\":\"extensions.lcap_user.logics.getUserList\",\"mockData\":\"\"},{\"path\":\"/api/lcap_user/getUserPage\",\"method\":\"POST\",\"concept\":\"Logic\",\"name\":\"extensions.lcap_user.logics.getUserPage\",\"mockData\":\"\"},{\"path\":\"/api/lcap_user/batchGetUserList\",\"method\":\"POST\",\"concept\":\"Logic\",\"name\":\"extensions.lcap_user.logics.batchGetUserList\",\"mockData\":\"\"},{\"path\":\"/api/lcap_user/getRoleList\",\"method\":\"POST\",\"concept\":\"Logic\",\"name\":\"extensions.lcap_user.logics.getRoleList\",\"mockData\":\"\"},{\"path\":\"/api/lcap_user/getUserListByRoleId\",\"method\":\"POST\",\"concept\":\"Logic\",\"name\":\"extensions.lcap_user.logics.getUserListByRoleId\",\"mockData\":\"\"},{\"path\":\"/api/lcap_user/getUserLevelNthUpDirectManager\",\"method\":\"POST\",\"concept\":\"Logic\",\"name\":\"extensions.lcap_user.logics.getUserLevelNthUpDirectManager\",\"mockData\":\"\"},{\"path\":\"/api/lcap_user/getUserLevelNthUpDeptManager\",\"method\":\"POST\",\"concept\":\"Logic\",\"name\":\"extensions.lcap_user.logics.getUserLevelNthUpDeptManager\",\"mockData\":\"\"},{\"path\":\"/api/lcap_user/getUserLevelNthDeptManager\",\"method\":\"POST\",\"concept\":\"Logic\",\"name\":\"extensions.lcap_user.logics.getUserLevelNthDeptManager\",\"mockData\":\"\"},{\"path\":\"/api/lcap_user/getDeptUsers\",\"method\":\"POST\",\"concept\":\"Logic\",\"name\":\"extensions.lcap_user.logics.getDeptUsers\",\"mockData\":\"\"},{\"path\":\"/api/lcap_user/getDepartments\",\"method\":\"POST\",\"concept\":\"Logic\",\"name\":\"extensions.lcap_user.logics.getDepartments\",\"mockData\":\"\"},{\"path\":\"/api/lcap_user/getUsersByUserName\",\"method\":\"POST\",\"concept\":\"Logic\",\"name\":\"extensions.lcap_user.logics.getUsersByUserName\",\"mockData\":\"\"},{\"path\":\"/api/connectors/generic_s3_file_connector/testLogic\",\"method\":\"POST\",\"concept\":\"Logic\",\"name\":\"connector.generic_s3_file_connector.testLogic\",\"mockData\":\"\"},{\"path\":\"/api/connectors/nacos_on_http_connector/execute\",\"method\":\"POST\",\"concept\":\"Logic\",\"name\":\"connector.nacos_on_http_connector.execute\",\"mockData\":\"\"}]","urls":[]}