{
  "zh-CN": {
    "loading": "正在加载中...",
    "error": "加载失败，请重试",
    "empty": "暂无数据",
    "loadMore": "加载更多",
    "noMore": "没有更多了",
    "uActions_more": "更多",
    "uCalendarView_year": "年",
    "uCalendarView_month": "月",
    "uCalendarView_quarter": "Q",
    "uCalendarView_Q1": "1",
    "uCalendarView_Q2": "2",
    "uCalendarView_Q3": "3",
    "uCalendarView_Q4": "4",
    "uCalendarView_Sunday": "日",
    "uCalendarView_Monday": "一",
    "uCalendarView_Tuesday": "二",
    "uCalendarView_Wednesday": "三",
    "uCalendarView_Thursday": "四",
    "uCalendarView_Friday": "五",
    "uCalendarView_Saturday": "六",
    "uCalendarView_January": "1",
    "uCalendarView_February": "2",
    "uCalendarView_March": "3",
    "uCalendarView_April": "4",
    "uCalendarView_May": "5",
    "uCalendarView_June": "6",
    "uCalendarView_July": "7",
    "uCalendarView_August": "8",
    "uCalendarView_September": "9",
    "uCalendarView_October": "10",
    "uCalendarView_November": "11",
    "uCalendarView_December": "12",
    "uCalendarView_PrevMonth": "上个月",
    "uCalendarView_NextMonth": "下个月",
    "uCalendarView_Today": "今天",
    "uCalendarView_Week": "周数",
    "uCalendar_year": "年",
    "uCalendar_month": "月",
    "uCalendar_quarter": "Q",
    "uCalendar_Q1": "1",
    "uCalendar_Q2": "2",
    "uCalendar_Q3": "3",
    "uCalendar_Q4": "4",
    "uCalendar_Sunday": "日",
    "uCalendar_Monday": "一",
    "uCalendar_Tuesday": "二",
    "uCalendar_Wednesday": "三",
    "uCalendar_Thursday": "四",
    "uCalendar_Friday": "五",
    "uCalendar_Saturday": "六",
    "uCalendar_January": "1",
    "uCalendar_February": "2",
    "uCalendar_March": "3",
    "uCalendar_April": "4",
    "uCalendar_May": "5",
    "uCalendar_June": "6",
    "uCalendar_July": "7",
    "uCalendar_August": "8",
    "uCalendar_September": "9",
    "uCalendar_October": "10",
    "uCalendar_November": "11",
    "uCalendar_December": "12",
    "uDatePicker_selectDateText": "请选择日期",
    "uDatePicker_integerTip": "请输入大于0的整数",
    "uDatePicker_formatErrorTip": "请输入正确的时分秒格式",
    "uDateTimePicker_selectTimeText": "请选择时间",
    "uDateTimePicker_now": "此刻",
    "uDateTimePicker_submit": "确 定",
    "uDateTimePicker_selectPopperDateText": "下方选择日期",
    "uDateTimePicker_cancel": "取 消",
    "uDrawer_dialog": "提示",
    "uDrawer_ok": "确定",
    "uDrawer_cancel": "取消",
    "uDynamicCards_add": "添加",
    "uDynamicCards_remove": "删除",
    "uDynamicCards_expand": "展开",
    "uDynamicCards_collapse": "收起",
    "uFormTableView_add": "添加",
    "uGridView_loading": "正在加载中...",
    "uGridView_error": "加载失败，请重试",
    "uGridView_empty": "暂无数据",
    "uGridView_loadMore": "加载更多",
    "uGridView_noMore": "没有更多了",
    "uListView_loading": "正在加载中...",
    "uListView_error": "加载失败，请重试",
    "uListView_empty": "暂无数据",
    "uListView_loadMore": "加载更多",
    "uListView_noMore": "没有更多了",
    "uModal_dialog": "提示",
    "uModal_ok": "确 定",
    "uModal_cancel": "取 消",
    "uPagination_pageSizeUnit": "条",
    "uPagination_pageSize": "条/页",
    "uPagination_pageUnit": "页",
    "uPagination_total": "共 {totalItems} 条",
    "uPagination_goto": "跳至",
    "uPagination_gotoPageUnit": "页",
    "uRegionSelect_placeholder": "请选择",
    "uRegionSelect_province": "省",
    "uRegionSelect_city": "市",
    "uRegionSelect_district": "区",
    "uSelect_loading": "正在加载中...",
    "uSelect_error": "加载失败，请重试",
    "uSelect_empty": "暂无数据",
    "uSelect_loadMore": "加载更多",
    "uSelect_noMore": "没有更多了",
    "uTableView_loading": "正在加载中...",
    "uTableView_error": "加载失败，请重试",
    "uTableView_empty": "暂无数据",
    "uTableView_loadMore": "加载更多",
    "uTableView_noMore": "没有更多了",
    "uTimePicker_selectTimeText": "请选择时间",
    "uTimePicker_now": "此刻",
    "uTimePicker_submit": "确 定",
    "uTimePicker_selectPopperDateText": "下方选择日期",
    "uTimePicker_cancel": "取 消",
    "uUploader_extensionError": "只能上传{extensions}类型的文件！"
  },
  "en-US": {
    "loading": "Loading...",
    "error": "Failed to load. Please try again",
    "empty": "No data",
    "loadMore": "Load more",
    "noMore": "No more items",
    "uActions_more": "More",
    "uCalendarView_year": " ",
    "uCalendarView_month": " ",
    "uCalendarView_Q1": "One",
    "uCalendarView_Q2": "Two",
    "uCalendarView_Q3": "Three",
    "uCalendarView_Q4": "Four",
    "uCalendarView_quarter": "Q",
    "uCalendarView_Sunday": "Sun",
    "uCalendarView_Monday": "Mon",
    "uCalendarView_Tuesday": "Tue",
    "uCalendarView_Wednesday": "Wed",
    "uCalendarView_Thursday": "Thu",
    "uCalendarView_Friday": "Fri",
    "uCalendarView_Saturday": "Sat",
    "uCalendarView_January": "Jan",
    "uCalendarView_February": "Feb",
    "uCalendarView_March": "Mar",
    "uCalendarView_April": "Apr",
    "uCalendarView_May": "May",
    "uCalendarView_June": "Jun",
    "uCalendarView_July": "Jul",
    "uCalendarView_August": "Aug",
    "uCalendarView_September": "Sep",
    "uCalendarView_October": "Oct",
    "uCalendarView_November": "Nov",
    "uCalendarView_December": "Dec",
    "uCalendarView_PrevMonth": "Prev Month",
    "uCalendarView_NextMonth": "Next Month",
    "uCalendarView_Today": "Today",
    "uCalendarView_Week": "Week",
    "uCalendar_year": " ",
    "uCalendar_month": " ",
    "uCalendar_Q1": "One",
    "uCalendar_Q2": "Two",
    "uCalendar_Q3": "Three",
    "uCalendar_Q4": "Four",
    "uCalendar_quarter": "Q",
    "uCalendar_Sunday": "Sun",
    "uCalendar_Monday": "Mon",
    "uCalendar_Tuesday": "Tue",
    "uCalendar_Wednesday": "Wed",
    "uCalendar_Thursday": "Thu",
    "uCalendar_Friday": "Fri",
    "uCalendar_Saturday": "Sat",
    "uCalendar_January": "Jan",
    "uCalendar_February": "Feb",
    "uCalendar_March": "Mar",
    "uCalendar_April": "Apr",
    "uCalendar_May": "May",
    "uCalendar_June": "Jun",
    "uCalendar_July": "Jul",
    "uCalendar_August": "Aug",
    "uCalendar_September": "Sep",
    "uCalendar_October": "Oct",
    "uCalendar_November": "Nov",
    "uCalendar_December": "Dec",
    "uDatePicker_selectDateText": "Please select date",
    "uDatePicker_integerTip": "Please enter an integer greater than 0",
    "uDatePicker_formatErrorTip": "Please enter the correct hour, minute and second format",
    "uDateTimePicker_selectTimeText": "Please select time",
    "uDateTimePicker_now": "now",
    "uDateTimePicker_submit": "submit",
    "uDateTimePicker_selectPopperDateText": "Please select date",
    "uDateTimePicker_cancel": "cancel",
    "uDrawer_dialog": "Dialog",
    "uDrawer_ok": "OK",
    "uDrawer_cancel": "Cancel",
    "uDynamicCards_add": "add",
    "uDynamicCards_remove": "remove",
    "uDynamicCards_expand": "expand",
    "uDynamicCards_collapse": "collapse",
    "uFormTableView_add": "add",
    "uGridView_loading": "Loading...",
    "uGridView_error": "Failed to load. Please try again",
    "uGridView_empty": "No data",
    "uGridView_loadMore": "Load more",
    "uGridView_noMore": "No more items",
    "uListView_loading": "Loading...",
    "uListView_error": "Failed to load. Please try again",
    "uListView_empty": "No data",
    "uListView_loadMore": "Load more",
    "uListView_noMore": "No more items",
    "uModal_dialog": "Dialog",
    "uModal_ok": "OK",
    "uModal_cancel": "Cancel",
    "uPagination_pageSizeUnit": "items",
    "uPagination_pageSize": "/page",
    "uPagination_pageUnit": "page",
    "uPagination_total": "Total {totalItems} items",
    "uPagination_goto": "Go to",
    "uPagination_gotoPageUnit": "page",
    "uRegionSelect_placeholder": "Please select ",
    "uRegionSelect_province": "Province",
    "uRegionSelect_city": "City",
    "uRegionSelect_district": "District",
    "uSelect_loading": "Loading...",
    "uSelect_error": "Failed to load. Please try again",
    "uSelect_empty": "No matching data",
    "uSelect_loadMore": "Load more",
    "uSelect_noMore": "No more items",
    "uTableView_loading": "Loading...",
    "uTableView_error": "Failed to load. Please try again",
    "uTableView_empty": "No data",
    "uTableView_loadMore": "Load more",
    "uTableView_noMore": "No more items",
    "uTimePicker_selectTimeText": "Please select time",
    "uTimePicker_now": "now",
    "uTimePicker_submit": "submit",
    "uTimePicker_selectPopperDateText": "Please select date",
    "uTimePicker_cancel": "cancel",
    "uUploader_extensionError": "Only {extensions} files are permitted to upload!"
  },
  "ja": {
    "loading": "読み込み中...",
    "error": "読み込みに失敗しました。再試行してください。",
    "empty": "データがありません",
    "loadMore": "もっと読み込む",
    "noMore": "これ以上ありません",
    "uActions_more": "もっと",
    "uCalendarView_year": "年",
    "uCalendarView_month": "月",
    "uCalendarView_quarter": "Q",
    "uCalendarView_Q1": "1",
    "uCalendarView_Q2": "2",
    "uCalendarView_Q3": "3",
    "uCalendarView_Q4": "4",
    "uCalendarView_Sunday": "日",
    "uCalendarView_Monday": "月",
    "uCalendarView_Tuesday": "火",
    "uCalendarView_Wednesday": "水",
    "uCalendarView_Thursday": "木",
    "uCalendarView_Friday": "金",
    "uCalendarView_Saturday": "土",
    "uCalendarView_January": "1",
    "uCalendarView_February": "2",
    "uCalendarView_March": "3",
    "uCalendarView_April": "4",
    "uCalendarView_May": "5",
    "uCalendarView_June": "6",
    "uCalendarView_July": "7",
    "uCalendarView_August": "8",
    "uCalendarView_September": "9",
    "uCalendarView_October": "10",
    "uCalendarView_November": "11",
    "uCalendarView_December": "12",
    "uCalendarView_PrevMonth": "前の月",
    "uCalendarView_NextMonth": "来月",
    "uCalendarView_Today": "今天",
    "uCalendarView_Week": "週",
    "uCalendar_year": "年",
    "uCalendar_month": "月",
    "uCalendar_Q1": "1",
    "uCalendar_Q2": "2",
    "uCalendar_Q3": "3",
    "uCalendar_Q4": "4",
    "uCalendar_quarter": "Q",
    "uCalendar_Sunday": "日",
    "uCalendar_Monday": "月",
    "uCalendar_Tuesday": "火",
    "uCalendar_Wednesday": "水",
    "uCalendar_Thursday": "木",
    "uCalendar_Friday": "金",
    "uCalendar_Saturday": "土",
    "uCalendar_January": "1",
    "uCalendar_February": "2",
    "uCalendar_March": "3",
    "uCalendar_April": "4",
    "uCalendar_May": "5",
    "uCalendar_June": "6",
    "uCalendar_July": "7",
    "uCalendar_August": "8",
    "uCalendar_September": "9",
    "uCalendar_October": "10",
    "uCalendar_November": "11",
    "uCalendar_December": "12",
    "uDatePicker_selectDateText": "日付を選択",
    "uDatePicker_integerTip": "0 より大きい整数を入力",
    "uDatePicker_formatErrorTip": "正しい時、分、秒の形式で入力",
    "uDateTimePicker_selectTimeText": "時間を選択",
    "uDateTimePicker_now": "本日",
    "uDateTimePicker_submit": "確定",
    "uDateTimePicker_selectPopperDateText": "日付を選択",
    "uDateTimePicker_cancel": "キャンセル",
    "uDrawer_dialog": "ダイアログ",
    "uDrawer_ok": "確定",
    "uDrawer_cancel": "キャンセル",
    "uDynamicCards_add": "追加",
    "uDynamicCards_remove": "削除",
    "uDynamicCards_expand": "展開",
    "uDynamicCards_collapse": "折りたたみ",
    "uFormTableView_add": "追加",
    "uGridView_loading": "読み込み中...",
    "uGridView_error": "読み込みに失敗しました。再試行してください。",
    "uGridView_empty": "データがありません",
    "uGridView_loadMore": "もっと読み込む",
    "uGridView_noMore": "これ以上ありません",
    "uListView_loading": "読み込み中...",
    "uListView_error": "読み込みに失敗しました。再試行してください。",
    "uListView_empty": "データがありません",
    "uListView_loadMore": "もっと読み込む",
    "uListView_noMore": "これ以上ありません",
    "uModal_dialog": "ダイアログ",
    "uModal_ok": "わかった",
    "uModal_cancel": "キャンセル",
    "uPagination_pageSizeUnit": "行",
    "uPagination_pageSize": "/ページ",
    "uPagination_pageUnit": "ページ",
    "uPagination_total": "合計 {totalItems} 行",
    "uPagination_goto": "",
    "uPagination_gotoPageUnit": "ページへ",
    "uRegionSelect_placeholder": "選択してください",
    "uRegionSelect_province": "省",
    "uRegionSelect_city": "市",
    "uRegionSelect_district": "区",
    "uSelect_loading": "読み込み中...",
    "uSelect_error": "読み込みに失敗しました。再試行してください。",
    "uSelect_empty": "データがありません",
    "uSelect_loadMore": "もっと読み込む",
    "uSelect_noMore": "これ以上ありません",
    "uTableView_loading": "読み込み中...",
    "uTableView_error": "読み込みに失敗しました。再試行してください。",
    "uTableView_empty": "データがありません",
    "uTableView_loadMore": "もっと読み込む",
    "uTableView_noMore": "これ以上ありません",
    "uTimePicker_selectTimeText": "時間を選択",
    "uTimePicker_now": "本日",
    "uTimePicker_submit": "確定",
    "uTimePicker_selectPopperDateText": "日付を選択",
    "uTimePicker_cancel": "キャンセル",
    "uUploader_extensionError": "ファイルタイプは{extensions}のみアップロードできます！"
  }
}