{"roles":"{\"roleResourceMappingList\":[],\"currentRole\":\"DEV-AdminRole\"}","mock":"[{\"path\":\"/api/lcplogics/logic1\",\"method\":\"POST\",\"concept\":\"Logic\",\"name\":\"app.logics.logic1\",\"mockData\":\"\"},{\"path\":\"/api/lcplogics/CustomCorsFilter\",\"method\":\"POST\",\"concept\":\"Logic\",\"name\":\"app.logics.CustomCorsFilter\",\"mockData\":\"\"},{\"path\":\"/api/lcplogics/CustomFilterConfig\",\"method\":\"POST\",\"concept\":\"Logic\",\"name\":\"app.logics.CustomFilterConfig\",\"mockData\":\"\"},{\"path\":\"/api/lcap_auth/getUser\",\"method\":\"POST\",\"concept\":\"Logic\",\"name\":\"extensions.lcap_auth.logics.getUser\",\"mockData\":\"\"},{\"path\":\"/api/lcap_auth/createToken\",\"method\":\"POST\",\"concept\":\"Logic\",\"name\":\"extensions.lcap_auth.logics.createToken\",\"mockData\":\"\"},{\"path\":\"/api/lcap_auth/removeToken\",\"method\":\"POST\",\"concept\":\"Logic\",\"name\":\"extensions.lcap_auth.logics.removeToken\",\"mockData\":\"\"},{\"path\":\"/api/lcap_permission/uploadResource\",\"method\":\"POST\",\"concept\":\"Logic\",\"name\":\"extensions.lcap_permission.logics.uploadResource\",\"mockData\":\"\"},{\"path\":\"/api/lcap_permission/checkPermission\",\"method\":\"POST\",\"concept\":\"Logic\",\"name\":\"extensions.lcap_permission.logics.checkPermission\",\"mockData\":\"\"},{\"path\":\"/api/lcap_permission/getUserResources\",\"method\":\"POST\",\"concept\":\"Logic\",\"name\":\"extensions.lcap_permission.logics.getUserResources\",\"mockData\":\"\"},{\"path\":\"/api/connectors/generic_s3_file_connector/testLogic\",\"method\":\"POST\",\"concept\":\"Logic\",\"name\":\"connector.generic_s3_file_connector.testLogic\",\"mockData\":\"\"}]","urls":[]}